const uint8_t tangoFont[]PROGMEM={0x00, 0x00, 0x00, 0xB2, 0x00, 0x00, 0x00, 0x0B, 0x00, 0x00, 0x00, 0x0E, 0x00, 0x00, 0x00, 0x00, 
0x00, 0x00, 0x00, 0x0B, 0x00, 0x00, 0x00, 0x03, 0x00, 0x00, 0x00, 0x21, 0x00, 0x00, 0x00, 0x0B, 
0x00, 0x00, 0x00, 0x03, 0x00, 0x00, 0x00, 0x04, 0x00, 0x00, 0x00, 0x0A, 0x00, 0x00, 0x00, 0x00, 
0x00, 0x00, 0x00, 0x00, 0x00, 0x00, 0x00, 0x22, 0x00, 0x00, 0x00, 0x05, 0x00, 0x00, 0x00, 0x06, 
0x00, 0x00, 0x00, 0x06, 0x00, 0x00, 0x00, 0x0B, 0x00, 0x00, 0x00, 0x00, 0x00, 0x00, 0x00, 0x00, 
0x00, 0x00, 0x00, 0x23, 0x00, 0x00, 0x00, 0x0B, 0x00, 0x00, 0x00, 0x0C, 0x00, 0x00, 0x00, 0x0C, 
0x00, 0x00, 0x00, 0x0B, 0x00, 0x00, 0x00, 0x00, 0x00, 0x00, 0x00, 0x00, 0x00, 0x00, 0x00, 0x24, 
0x00, 0x00, 0x00, 0x0E, 0x00, 0x00, 0x00, 0x09, 0x00, 0x00, 0x00, 0x09, 0x00, 0x00, 0x00, 0x0C, 
0x00, 0x00, 0x00, 0x00, 0x00, 0x00, 0x00, 0x00, 0x00, 0x00, 0x00, 0x25, 0x00, 0x00, 0x00, 0x0B, 
0x00, 0x00, 0x00, 0x08, 0x00, 0x00, 0x00, 0x08, 0x00, 0x00, 0x00, 0x0A, 0x00, 0x00, 0x00, 0x00, 
0x00, 0x00, 0x00, 0x00, 0x00, 0x00, 0x00, 0x26, 0x00, 0x00, 0x00, 0x0B, 0x00, 0x00, 0x00, 0x0B, 
0x00, 0x00, 0x00, 0x0B, 0x00, 0x00, 0x00, 0x0A, 0x00, 0x00, 0x00, 0x00, 0x00, 0x00, 0x00, 0x00, 
0x00, 0x00, 0x00, 0x27, 0x00, 0x00, 0x00, 0x05, 0x00, 0x00, 0x00, 0x03, 0x00, 0x00, 0x00, 0x03, 
0x00, 0x00, 0x00, 0x0B, 0x00, 0x00, 0x00, 0x00, 0x00, 0x00, 0x00, 0x00, 0x00, 0x00, 0x00, 0x28, 
0x00, 0x00, 0x00, 0x0E, 0x00, 0x00, 0x00, 0x05, 0x00, 0x00, 0x00, 0x05, 0x00, 0x00, 0x00, 0x0B, 
0x00, 0x00, 0x00, 0x00, 0x00, 0x00, 0x00, 0x00, 0x00, 0x00, 0x00, 0x29, 0x00, 0x00, 0x00, 0x0E, 
0x00, 0x00, 0x00, 0x05, 0x00, 0x00, 0x00, 0x05, 0x00, 0x00, 0x00, 0x0B, 0x00, 0x00, 0x00, 0x00, 
0x00, 0x00, 0x00, 0x00, 0x00, 0x00, 0x00, 0x2A, 0x00, 0x00, 0x00, 0x06, 0x00, 0x00, 0x00, 0x06, 
0x00, 0x00, 0x00, 0x06, 0x00, 0x00, 0x00, 0x0B, 0x00, 0x00, 0x00, 0x00, 0x00, 0x00, 0x00, 0x00, 
0x00, 0x00, 0x00, 0x2B, 0x00, 0x00, 0x00, 0x09, 0x00, 0x00, 0x00, 0x09, 0x00, 0x00, 0x00, 0x09, 
0x00, 0x00, 0x00, 0x0A, 0x00, 0x00, 0x00, 0x00, 0x00, 0x00, 0x00, 0x00, 0x00, 0x00, 0x00, 0x2C, 
0x00, 0x00, 0x00, 0x05, 0x00, 0x00, 0x00, 0x03, 0x00, 0x00, 0x00, 0x03, 0x00, 0x00, 0x00, 0x03, 
0x00, 0x00, 0x00, 0x00, 0x00, 0x00, 0x00, 0x00, 0x00, 0x00, 0x00, 0x2D, 0x00, 0x00, 0x00, 0x03, 
0x00, 0x00, 0x00, 0x06, 0x00, 0x00, 0x00, 0x06, 0x00, 0x00, 0x00, 0x06, 0x00, 0x00, 0x00, 0x00, 
0x00, 0x00, 0x00, 0x00, 0x00, 0x00, 0x00, 0x2E, 0x00, 0x00, 0x00, 0x04, 0x00, 0x00, 0x00, 0x03, 
0x00, 0x00, 0x00, 0x03, 0x00, 0x00, 0x00, 0x03, 0x00, 0x00, 0x00, 0x00, 0x00, 0x00, 0x00, 0x00, 
0x00, 0x00, 0x00, 0x2F, 0x00, 0x00, 0x00, 0x0B, 0x00, 0x00, 0x00, 0x07, 0x00, 0x00, 0x00, 0x07, 
0x00, 0x00, 0x00, 0x0B, 0x00, 0x00, 0x00, 0x00, 0x00, 0x00, 0x00, 0x00, 0x00, 0x00, 0x00, 0x30, 
0x00, 0x00, 0x00, 0x0C, 0x00, 0x00, 0x00, 0x09, 0x00, 0x00, 0x00, 0x09, 0x00, 0x00, 0x00, 0x0B, 
0x00, 0x00, 0x00, 0x00, 0x00, 0x00, 0x00, 0x00, 0x00, 0x00, 0x00, 0x31, 0x00, 0x00, 0x00, 0x0A, 
0x00, 0x00, 0x00, 0x05, 0x00, 0x00, 0x00, 0x05, 0x00, 0x00, 0x00, 0x0A, 0x00, 0x00, 0x00, 0x00, 
0x00, 0x00, 0x00, 0x00, 0x00, 0x00, 0x00, 0x32, 0x00, 0x00, 0x00, 0x0C, 0x00, 0x00, 0x00, 0x09, 
0x00, 0x00, 0x00, 0x09, 0x00, 0x00, 0x00, 0x0B, 0x00, 0x00, 0x00, 0x00, 0x00, 0x00, 0x00, 0x00, 
0x00, 0x00, 0x00, 0x33, 0x00, 0x00, 0x00, 0x0C, 0x00, 0x00, 0x00, 0x08, 0x00, 0x00, 0x00, 0x08, 
0x00, 0x00, 0x00, 0x0B, 0x00, 0x00, 0x00, 0x00, 0x00, 0x00, 0x00, 0x00, 0x00, 0x00, 0x00, 0x34, 
0x00, 0x00, 0x00, 0x0A, 0x00, 0x00, 0x00, 0x08, 0x00, 0x00, 0x00, 0x08, 0x00, 0x00, 0x00, 0x0A, 
0x00, 0x00, 0x00, 0x00, 0x00, 0x00, 0x00, 0x00, 0x00, 0x00, 0x00, 0x35, 0x00, 0x00, 0x00, 0x0B, 
0x00, 0x00, 0x00, 0x09, 0x00, 0x00, 0x00, 0x09, 0x00, 0x00, 0x00, 0x0A, 0x00, 0x00, 0x00, 0x00, 
0x00, 0x00, 0x00, 0x00, 0x00, 0x00, 0x00, 0x36, 0x00, 0x00, 0x00, 0x0C, 0x00, 0x00, 0x00, 0x08, 
0x00, 0x00, 0x00, 0x08, 0x00, 0x00, 0x00, 0x0B, 0x00, 0x00, 0x00, 0x00, 0x00, 0x00, 0x00, 0x00, 
0x00, 0x00, 0x00, 0x37, 0x00, 0x00, 0x00, 0x0A, 0x00, 0x00, 0x00, 0x08, 0x00, 0x00, 0x00, 0x08, 
0x00, 0x00, 0x00, 0x0A, 0x00, 0x00, 0x00, 0x00, 0x00, 0x00, 0x00, 0x00, 0x00, 0x00, 0x00, 0x38, 
0x00, 0x00, 0x00, 0x0C, 0x00, 0x00, 0x00, 0x09, 0x00, 0x00, 0x00, 0x09, 0x00, 0x00, 0x00, 0x0B, 
0x00, 0x00, 0x00, 0x00, 0x00, 0x00, 0x00, 0x00, 0x00, 0x00, 0x00, 0x39, 0x00, 0x00, 0x00, 0x0C, 
0x00, 0x00, 0x00, 0x08, 0x00, 0x00, 0x00, 0x08, 0x00, 0x00, 0x00, 0x0B, 0x00, 0x00, 0x00, 0x00, 
0x00, 0x00, 0x00, 0x00, 0x00, 0x00, 0x00, 0x3A, 0x00, 0x00, 0x00, 0x09, 0x00, 0x00, 0x00, 0x03, 
0x00, 0x00, 0x00, 0x03, 0x00, 0x00, 0x00, 0x08, 0x00, 0x00, 0x00, 0x00, 0x00, 0x00, 0x00, 0x00, 
0x00, 0x00, 0x00, 0x3B, 0x00, 0x00, 0x00, 0x0A, 0x00, 0x00, 0x00, 0x03, 0x00, 0x00, 0x00, 0x03, 
0x00, 0x00, 0x00, 0x08, 0x00, 0x00, 0x00, 0x00, 0x00, 0x00, 0x00, 0x00, 0x00, 0x00, 0x00, 0x3C, 
0x00, 0x00, 0x00, 0x0A, 0x00, 0x00, 0x00, 0x09, 0x00, 0x00, 0x00, 0x09, 0x00, 0x00, 0x00, 0x0A, 
0x00, 0x00, 0x00, 0x00, 0x00, 0x00, 0x00, 0x00, 0x00, 0x00, 0x00, 0x3D, 0x00, 0x00, 0x00, 0x07, 
0x00, 0x00, 0x00, 0x09, 0x00, 0x00, 0x00, 0x09, 0x00, 0x00, 0x00, 0x09, 0x00, 0x00, 0x00, 0x00, 
0x00, 0x00, 0x00, 0x00, 0x00, 0x00, 0x00, 0x3E, 0x00, 0x00, 0x00, 0x0A, 0x00, 0x00, 0x00, 0x09, 
0x00, 0x00, 0x00, 0x09, 0x00, 0x00, 0x00, 0x0A, 0x00, 0x00, 0x00, 0x00, 0x00, 0x00, 0x00, 0x00, 
0x00, 0x00, 0x00, 0x3F, 0x00, 0x00, 0x00, 0x0C, 0x00, 0x00, 0x00, 0x08, 0x00, 0x00, 0x00, 0x08, 
0x00, 0x00, 0x00, 0x0B, 0x00, 0x00, 0x00, 0x00, 0x00, 0x00, 0x00, 0x00, 0x00, 0x00, 0x00, 0x40, 
0x00, 0x00, 0x00, 0x0F, 0x00, 0x00, 0x00, 0x0F, 0x00, 0x00, 0x00, 0x0F, 0x00, 0x00, 0x00, 0x0C, 
0x00, 0x00, 0x00, 0x00, 0x00, 0x00, 0x00, 0x00, 0x00, 0x00, 0x00, 0x41, 0x00, 0x00, 0x00, 0x0A, 
0x00, 0x00, 0x00, 0x0B, 0x00, 0x00, 0x00, 0x0A, 0x00, 0x00, 0x00, 0x0A, 0x00, 0x00, 0x00, 0x00, 
0x00, 0x00, 0x00, 0x00, 0x00, 0x00, 0x00, 0x42, 0x00, 0x00, 0x00, 0x0A, 0x00, 0x00, 0x00, 0x08, 
0x00, 0x00, 0x00, 0x08, 0x00, 0x00, 0x00, 0x0A, 0x00, 0x00, 0x00, 0x00, 0x00, 0x00, 0x00, 0x00, 
0x00, 0x00, 0x00, 0x43, 0x00, 0x00, 0x00, 0x0C, 0x00, 0x00, 0x00, 0x0A, 0x00, 0x00, 0x00, 0x0A, 
0x00, 0x00, 0x00, 0x0B, 0x00, 0x00, 0x00, 0x00, 0x00, 0x00, 0x00, 0x00, 0x00, 0x00, 0x00, 0x44, 
0x00, 0x00, 0x00, 0x0A, 0x00, 0x00, 0x00, 0x09, 0x00, 0x00, 0x00, 0x09, 0x00, 0x00, 0x00, 0x0A, 
0x00, 0x00, 0x00, 0x00, 0x00, 0x00, 0x00, 0x00, 0x00, 0x00, 0x00, 0x45, 0x00, 0x00, 0x00, 0x0A, 
0x00, 0x00, 0x00, 0x08, 0x00, 0x00, 0x00, 0x08, 0x00, 0x00, 0x00, 0x0A, 0x00, 0x00, 0x00, 0x00, 
0x00, 0x00, 0x00, 0x00, 0x00, 0x00, 0x00, 0x46, 0x00, 0x00, 0x00, 0x0A, 0x00, 0x00, 0x00, 0x08, 
0x00, 0x00, 0x00, 0x08, 0x00, 0x00, 0x00, 0x0A, 0x00, 0x00, 0x00, 0x00, 0x00, 0x00, 0x00, 0x00, 
0x00, 0x00, 0x00, 0x47, 0x00, 0x00, 0x00, 0x0C, 0x00, 0x00, 0x00, 0x0A, 0x00, 0x00, 0x00, 0x0A, 
0x00, 0x00, 0x00, 0x0B, 0x00, 0x00, 0x00, 0x00, 0x00, 0x00, 0x00, 0x00, 0x00, 0x00, 0x00, 0x48, 
0x00, 0x00, 0x00, 0x0A, 0x00, 0x00, 0x00, 0x0A, 0x00, 0x00, 0x00, 0x0A, 0x00, 0x00, 0x00, 0x0A, 
0x00, 0x00, 0x00, 0x00, 0x00, 0x00, 0x00, 0x00, 0x00, 0x00, 0x00, 0x49, 0x00, 0x00, 0x00, 0x0A, 
0x00, 0x00, 0x00, 0x03, 0x00, 0x00, 0x00, 0x03, 0x00, 0x00, 0x00, 0x0A, 0x00, 0x00, 0x00, 0x00, 
0x00, 0x00, 0x00, 0x00, 0x00, 0x00, 0x00, 0x4A, 0x00, 0x00, 0x00, 0x0B, 0x00, 0x00, 0x00, 0x07, 
0x00, 0x00, 0x00, 0x07, 0x00, 0x00, 0x00, 0x0A, 0x00, 0x00, 0x00, 0x00, 0x00, 0x00, 0x00, 0x00, 
0x00, 0x00, 0x00, 0x4B, 0x00, 0x00, 0x00, 0x0A, 0x00, 0x00, 0x00, 0x0A, 0x00, 0x00, 0x00, 0x09, 
0x00, 0x00, 0x00, 0x0A, 0x00, 0x00, 0x00, 0x00, 0x00, 0x00, 0x00, 0x00, 0x00, 0x00, 0x00, 0x4C, 
0x00, 0x00, 0x00, 0x0A, 0x00, 0x00, 0x00, 0x07, 0x00, 0x00, 0x00, 0x07, 0x00, 0x00, 0x00, 0x0A, 
0x00, 0x00, 0x00, 0x00, 0x00, 0x00, 0x00, 0x00, 0x00, 0x00, 0x00, 0x4D, 0x00, 0x00, 0x00, 0x0A, 
0x00, 0x00, 0x00, 0x0C, 0x00, 0x00, 0x00, 0x0C, 0x00, 0x00, 0x00, 0x0A, 0x00, 0x00, 0x00, 0x00, 
0x00, 0x00, 0x00, 0x00, 0x00, 0x00, 0x00, 0x4E, 0x00, 0x00, 0x00, 0x0A, 0x00, 0x00, 0x00, 0x0A, 
0x00, 0x00, 0x00, 0x0A, 0x00, 0x00, 0x00, 0x0A, 0x00, 0x00, 0x00, 0x00, 0x00, 0x00, 0x00, 0x00, 
0x00, 0x00, 0x00, 0x4F, 0x00, 0x00, 0x00, 0x0C, 0x00, 0x00, 0x00, 0x0B, 0x00, 0x00, 0x00, 0x0B, 
0x00, 0x00, 0x00, 0x0B, 0x00, 0x00, 0x00, 0x00, 0x00, 0x00, 0x00, 0x00, 0x00, 0x00, 0x00, 0x50, 
0x00, 0x00, 0x00, 0x0A, 0x00, 0x00, 0x00, 0x08, 0x00, 0x00, 0x00, 0x08, 0x00, 0x00, 0x00, 0x0A, 
0x00, 0x00, 0x00, 0x00, 0x00, 0x00, 0x00, 0x00, 0x00, 0x00, 0x00, 0x51, 0x00, 0x00, 0x00, 0x0C, 
0x00, 0x00, 0x00, 0x0B, 0x00, 0x00, 0x00, 0x0B, 0x00, 0x00, 0x00, 0x0B, 0x00, 0x00, 0x00, 0x00, 
0x00, 0x00, 0x00, 0x00, 0x00, 0x00, 0x00, 0x52, 0x00, 0x00, 0x00, 0x0A, 0x00, 0x00, 0x00, 0x09, 
0x00, 0x00, 0x00, 0x09, 0x00, 0x00, 0x00, 0x0A, 0x00, 0x00, 0x00, 0x00, 0x00, 0x00, 0x00, 0x00, 
0x00, 0x00, 0x00, 0x53, 0x00, 0x00, 0x00, 0x0C, 0x00, 0x00, 0x00, 0x09, 0x00, 0x00, 0x00, 0x09, 
0x00, 0x00, 0x00, 0x0B, 0x00, 0x00, 0x00, 0x00, 0x00, 0x00, 0x00, 0x00, 0x00, 0x00, 0x00, 0x54, 
0x00, 0x00, 0x00, 0x0A, 0x00, 0x00, 0x00, 0x08, 0x00, 0x00, 0x00, 0x08, 0x00, 0x00, 0x00, 0x0A, 
0x00, 0x00, 0x00, 0x00, 0x00, 0x00, 0x00, 0x00, 0x00, 0x00, 0x00, 0x55, 0x00, 0x00, 0x00, 0x0B, 
0x00, 0x00, 0x00, 0x0A, 0x00, 0x00, 0x00, 0x0A, 0x00, 0x00, 0x00, 0x0A, 0x00, 0x00, 0x00, 0x00, 
0x00, 0x00, 0x00, 0x00, 0x00, 0x00, 0x00, 0x56, 0x00, 0x00, 0x00, 0x0A, 0x00, 0x00, 0x00, 0x0B, 
0x00, 0x00, 0x00, 0x0A, 0x00, 0x00, 0x00, 0x0A, 0x00, 0x00, 0x00, 0x00, 0x00, 0x00, 0x00, 0x00, 
0x00, 0x00, 0x00, 0x57, 0x00, 0x00, 0x00, 0x0A, 0x00, 0x00, 0x00, 0x0F, 0x00, 0x00, 0x00, 0x0F, 
0x00, 0x00, 0x00, 0x0A, 0x00, 0x00, 0x00, 0x00, 0x00, 0x00, 0x00, 0x00, 0x00, 0x00, 0x00, 0x58, 
0x00, 0x00, 0x00, 0x0A, 0x00, 0x00, 0x00, 0x0B, 0x00, 0x00, 0x00, 0x0A, 0x00, 0x00, 0x00, 0x0A, 
0x00, 0x00, 0x00, 0x00, 0x00, 0x00, 0x00, 0x00, 0x00, 0x00, 0x00, 0x59, 0x00, 0x00, 0x00, 0x0A, 
0x00, 0x00, 0x00, 0x0B, 0x00, 0x00, 0x00, 0x0A, 0x00, 0x00, 0x00, 0x0A, 0x00, 0x00, 0x00, 0x00, 
0x00, 0x00, 0x00, 0x00, 0x00, 0x00, 0x00, 0x5A, 0x00, 0x00, 0x00, 0x0A, 0x00, 0x00, 0x00, 0x0A, 
0x00, 0x00, 0x00, 0x0A, 0x00, 0x00, 0x00, 0x0A, 0x00, 0x00, 0x00, 0x00, 0x00, 0x00, 0x00, 0x00, 
0x00, 0x00, 0x00, 0x5B, 0x00, 0x00, 0x00, 0x0F, 0x00, 0x00, 0x00, 0x05, 0x00, 0x00, 0x00, 0x05, 
0x00, 0x00, 0x00, 0x0B, 0x00, 0x00, 0x00, 0x00, 0x00, 0x00, 0x00, 0x00, 0x00, 0x00, 0x00, 0x5C, 
0x00, 0x00, 0x00, 0x0B, 0x00, 0x00, 0x00, 0x07, 0x00, 0x00, 0x00, 0x07, 0x00, 0x00, 0x00, 0x0B, 
0x00, 0x00, 0x00, 0x00, 0x00, 0x00, 0x00, 0x00, 0x00, 0x00, 0x00, 0x5D, 0x00, 0x00, 0x00, 0x0F, 
0x00, 0x00, 0x00, 0x05, 0x00, 0x00, 0x00, 0x05, 0x00, 0x00, 0x00, 0x0B, 0x00, 0x00, 0x00, 0x00, 
0x00, 0x00, 0x00, 0x00, 0x00, 0x00, 0x00, 0x5E, 0x00, 0x00, 0x00, 0x04, 0x00, 0x00, 0x00, 0x05, 
0x00, 0x00, 0x00, 0x06, 0x00, 0x00, 0x00, 0x0A, 0x00, 0x00, 0x00, 0x00, 0x00, 0x00, 0x00, 0x00, 
0x00, 0x00, 0x00, 0x5F, 0x00, 0x00, 0x00, 0x02, 0x00, 0x00, 0x00, 0x0E, 0x00, 0x00, 0x00, 0x0E, 
0x00, 0x00, 0x00, 0x00, 0x00, 0x00, 0x00, 0x00, 0x00, 0x00, 0x00, 0x00, 0x00, 0x00, 0x00, 0x60, 
0x00, 0x00, 0x00, 0x04, 0x00, 0x00, 0x00, 0x04, 0x00, 0x00, 0x00, 0x04, 0x00, 0x00, 0x00, 0x0B, 
0x00, 0x00, 0x00, 0x00, 0x00, 0x00, 0x00, 0x00, 0x00, 0x00, 0x00, 0x61, 0x00, 0x00, 0x00, 0x09, 
0x00, 0x00, 0x00, 0x08, 0x00, 0x00, 0x00, 0x08, 0x00, 0x00, 0x00, 0x08, 0x00, 0x00, 0x00, 0x00, 
0x00, 0x00, 0x00, 0x00, 0x00, 0x00, 0x00, 0x62, 0x00, 0x00, 0x00, 0x0C, 0x00, 0x00, 0x00, 0x09, 
0x00, 0x00, 0x00, 0x09, 0x00, 0x00, 0x00, 0x0B, 0x00, 0x00, 0x00, 0x00, 0x00, 0x00, 0x00, 0x00, 
0x00, 0x00, 0x00, 0x63, 0x00, 0x00, 0x00, 0x09, 0x00, 0x00, 0x00, 0x08, 0x00, 0x00, 0x00, 0x08, 
0x00, 0x00, 0x00, 0x08, 0x00, 0x00, 0x00, 0x00, 0x00, 0x00, 0x00, 0x00, 0x00, 0x00, 0x00, 0x64, 
0x00, 0x00, 0x00, 0x0C, 0x00, 0x00, 0x00, 0x09, 0x00, 0x00, 0x00, 0x09, 0x00, 0x00, 0x00, 0x0B, 
0x00, 0x00, 0x00, 0x00, 0x00, 0x00, 0x00, 0x00, 0x00, 0x00, 0x00, 0x65, 0x00, 0x00, 0x00, 0x09, 
0x00, 0x00, 0x00, 0x08, 0x00, 0x00, 0x00, 0x08, 0x00, 0x00, 0x00, 0x08, 0x00, 0x00, 0x00, 0x00, 
0x00, 0x00, 0x00, 0x00, 0x00, 0x00, 0x00, 0x66, 0x00, 0x00, 0x00, 0x0C, 0x00, 0x00, 0x00, 0x07, 
0x00, 0x00, 0x00, 0x07, 0x00, 0x00, 0x00, 0x0C, 0x00, 0x00, 0x00, 0x00, 0x00, 0x00, 0x00, 0x00, 
0x00, 0x00, 0x00, 0x67, 0x00, 0x00, 0x00, 0x0C, 0x00, 0x00, 0x00, 0x0A, 0x00, 0x00, 0x00, 0x08, 
0x00, 0x00, 0x00, 0x08, 0xFF, 0xFF, 0xFF, 0xFF, 0x00, 0x00, 0x00, 0x00, 0x00, 0x00, 0x00, 0x68, 
0x00, 0x00, 0x00, 0x0B, 0x00, 0x00, 0x00, 0x08, 0x00, 0x00, 0x00, 0x08, 0x00, 0x00, 0x00, 0x0B, 
0x00, 0x00, 0x00, 0x00, 0x00, 0x00, 0x00, 0x00, 0x00, 0x00, 0x00, 0x69, 0x00, 0x00, 0x00, 0x0B, 
0x00, 0x00, 0x00, 0x03, 0x00, 0x00, 0x00, 0x03, 0x00, 0x00, 0x00, 0x0B, 0x00, 0x00, 0x00, 0x00, 
0x00, 0x00, 0x00, 0x00, 0x00, 0x00, 0x00, 0x6A, 0x00, 0x00, 0x00, 0x0F, 0x00, 0x00, 0x00, 0x06, 
0x00, 0x00, 0x00, 0x04, 0x00, 0x00, 0x00, 0x0B, 0xFF, 0xFF, 0xFF, 0xFE, 0x00, 0x00, 0x00, 0x00, 
0x00, 0x00, 0x00, 0x6B, 0x00, 0x00, 0x00, 0x0B, 0x00, 0x00, 0x00, 0x08, 0x00, 0x00, 0x00, 0x08, 
0x00, 0x00, 0x00, 0x0B, 0x00, 0x00, 0x00, 0x00, 0x00, 0x00, 0x00, 0x00, 0x00, 0x00, 0x00, 0x6C, 
0x00, 0x00, 0x00, 0x0B, 0x00, 0x00, 0x00, 0x03, 0x00, 0x00, 0x00, 0x03, 0x00, 0x00, 0x00, 0x0B, 
0x00, 0x00, 0x00, 0x00, 0x00, 0x00, 0x00, 0x00, 0x00, 0x00, 0x00, 0x6D, 0x00, 0x00, 0x00, 0x08, 
0x00, 0x00, 0x00, 0x0C, 0x00, 0x00, 0x00, 0x0C, 0x00, 0x00, 0x00, 0x08, 0x00, 0x00, 0x00, 0x00, 
0x00, 0x00, 0x00, 0x00, 0x00, 0x00, 0x00, 0x6E, 0x00, 0x00, 0x00, 0x08, 0x00, 0x00, 0x00, 0x08, 
0x00, 0x00, 0x00, 0x08, 0x00, 0x00, 0x00, 0x08, 0x00, 0x00, 0x00, 0x00, 0x00, 0x00, 0x00, 0x00, 
0x00, 0x00, 0x00, 0x6F, 0x00, 0x00, 0x00, 0x09, 0x00, 0x00, 0x00, 0x09, 0x00, 0x00, 0x00, 0x09, 
0x00, 0x00, 0x00, 0x08, 0x00, 0x00, 0x00, 0x00, 0x00, 0x00, 0x00, 0x00, 0x00, 0x00, 0x00, 0x70, 
0x00, 0x00, 0x00, 0x0B, 0x00, 0x00, 0x00, 0x09, 0x00, 0x00, 0x00, 0x09, 0x00, 0x00, 0x00, 0x08, 
0x00, 0x00, 0x00, 0x00, 0x00, 0x00, 0x00, 0x00, 0x00, 0x00, 0x00, 0x71, 0x00, 0x00, 0x00, 0x0B, 
0x00, 0x00, 0x00, 0x09, 0x00, 0x00, 0x00, 0x09, 0x00, 0x00, 0x00, 0x08, 0x00, 0x00, 0x00, 0x00, 
0x00, 0x00, 0x00, 0x00, 0x00, 0x00, 0x00, 0x72, 0x00, 0x00, 0x00, 0x08, 0x00, 0x00, 0x00, 0x06, 
0x00, 0x00, 0x00, 0x05, 0x00, 0x00, 0x00, 0x08, 0x00, 0x00, 0x00, 0x00, 0x00, 0x00, 0x00, 0x00, 
0x00, 0x00, 0x00, 0x73, 0x00, 0x00, 0x00, 0x09, 0x00, 0x00, 0x00, 0x07, 0x00, 0x00, 0x00, 0x07, 
0x00, 0x00, 0x00, 0x08, 0x00, 0x00, 0x00, 0x00, 0x00, 0x00, 0x00, 0x00, 0x00, 0x00, 0x00, 0x74, 
0x00, 0x00, 0x00, 0x0B, 0x00, 0x00, 0x00, 0x06, 0x00, 0x00, 0x00, 0x06, 0x00, 0x00, 0x00, 0x0A, 
0x00, 0x00, 0x00, 0x00, 0x00, 0x00, 0x00, 0x00, 0x00, 0x00, 0x00, 0x75, 0x00, 0x00, 0x00, 0x09, 
0x00, 0x00, 0x00, 0x08, 0x00, 0x00, 0x00, 0x08, 0x00, 0x00, 0x00, 0x08, 0x00, 0x00, 0x00, 0x00, 
0x00, 0x00, 0x00, 0x00, 0x00, 0x00, 0x00, 0x76, 0x00, 0x00, 0x00, 0x08, 0x00, 0x00, 0x00, 0x08, 
0x00, 0x00, 0x00, 0x07, 0x00, 0x00, 0x00, 0x08, 0x00, 0x00, 0x00, 0x00, 0x00, 0x00, 0x00, 0x00, 
0x00, 0x00, 0x00, 0x77, 0x00, 0x00, 0x00, 0x08, 0x00, 0x00, 0x00, 0x0C, 0x00, 0x00, 0x00, 0x0B, 
0x00, 0x00, 0x00, 0x08, 0x00, 0x00, 0x00, 0x00, 0x00, 0x00, 0x00, 0x00, 0x00, 0x00, 0x00, 0x78, 
0x00, 0x00, 0x00, 0x08, 0x00, 0x00, 0x00, 0x08, 0x00, 0x00, 0x00, 0x08, 0x00, 0x00, 0x00, 0x08, 
0x00, 0x00, 0x00, 0x00, 0x00, 0x00, 0x00, 0x00, 0x00, 0x00, 0x00, 0x79, 0x00, 0x00, 0x00, 0x0C, 
0x00, 0x00, 0x00, 0x08, 0x00, 0x00, 0x00, 0x08, 0x00, 0x00, 0x00, 0x08, 0x00, 0x00, 0x00, 0x00, 
0x00, 0x00, 0x00, 0x00, 0x00, 0x00, 0x00, 0x7A, 0x00, 0x00, 0x00, 0x08, 0x00, 0x00, 0x00, 0x08, 
0x00, 0x00, 0x00, 0x08, 0x00, 0x00, 0x00, 0x08, 0x00, 0x00, 0x00, 0x00, 0x00, 0x00, 0x00, 0x00, 
0x00, 0x00, 0x00, 0x7B, 0x00, 0x00, 0x00, 0x0F, 0x00, 0x00, 0x00, 0x06, 0x00, 0x00, 0x00, 0x06, 
0x00, 0x00, 0x00, 0x0B, 0x00, 0x00, 0x00, 0x00, 0x00, 0x00, 0x00, 0x00, 0x00, 0x00, 0x00, 0x7C, 
0x00, 0x00, 0x00, 0x0F, 0x00, 0x00, 0x00, 0x03, 0x00, 0x00, 0x00, 0x03, 0x00, 0x00, 0x00, 0x0B, 
0x00, 0x00, 0x00, 0x00, 0x00, 0x00, 0x00, 0x00, 0x00, 0x00, 0x00, 0x7D, 0x00, 0x00, 0x00, 0x0F, 
0x00, 0x00, 0x00, 0x06, 0x00, 0x00, 0x00, 0x06, 0x00, 0x00, 0x00, 0x0B, 0x00, 0x00, 0x00, 0x00, 
0x00, 0x00, 0x00, 0x00, 0x00, 0x00, 0x00, 0x7E, 0x00, 0x00, 0x00, 0x04, 0x00, 0x00, 0x00, 0x0A, 
0x00, 0x00, 0x00, 0x0A, 0x00, 0x00, 0x00, 0x06, 0x00, 0x00, 0x00, 0x00, 0x00, 0x00, 0x00, 0x00, 
0x00, 0x00, 0x00, 0xA1, 0x00, 0x00, 0x00, 0x0B, 0x00, 0x00, 0x00, 0x03, 0x00, 0x00, 0x00, 0x04, 
0x00, 0x00, 0x00, 0x0B, 0x00, 0x00, 0x00, 0x00, 0x00, 0x00, 0x00, 0x00, 0x00, 0x00, 0x00, 0xA2, 
0x00, 0x00, 0x00, 0x0B, 0x00, 0x00, 0x00, 0x08, 0x00, 0x00, 0x00, 0x08, 0x00, 0x00, 0x00, 0x0B, 
0x00, 0x00, 0x00, 0x00, 0x00, 0x00, 0x00, 0x00, 0x00, 0x00, 0x00, 0xA3, 0x00, 0x00, 0x00, 0x0D, 
0x00, 0x00, 0x00, 0x09, 0x00, 0x00, 0x00, 0x09, 0x00, 0x00, 0x00, 0x0C, 0x00, 0x00, 0x00, 0x00, 
0x00, 0x00, 0x00, 0x00, 0x00, 0x00, 0x00, 0xA5, 0x00, 0x00, 0x00, 0x0C, 0x00, 0x00, 0x00, 0x0B, 
0x00, 0x00, 0x00, 0x0B, 0x00, 0x00, 0x00, 0x0C, 0x00, 0x00, 0x00, 0x00, 0x00, 0x00, 0x00, 0x00, 
0x00, 0x00, 0x00, 0xA7, 0x00, 0x00, 0x00, 0x0D, 0x00, 0x00, 0x00, 0x07, 0x00, 0x00, 0x00, 0x07, 
0x00, 0x00, 0x00, 0x0B, 0x00, 0x00, 0x00, 0x00, 0x00, 0x00, 0x00, 0x00, 0x00, 0x00, 0x00, 0xA9, 
0x00, 0x00, 0x00, 0x0C, 0x00, 0x00, 0x00, 0x0B, 0x00, 0x00, 0x00, 0x0B, 0x00, 0x00, 0x00, 0x0B, 
0x00, 0x00, 0x00, 0x00, 0x00, 0x00, 0x00, 0x00, 0x00, 0x00, 0x00, 0xAE, 0x00, 0x00, 0x00, 0x08, 
0x00, 0x00, 0x00, 0x07, 0x00, 0x00, 0x00, 0x08, 0x00, 0x00, 0x00, 0x0B, 0x00, 0x00, 0x00, 0x00, 
0x00, 0x00, 0x00, 0x00, 0x00, 0x00, 0x00, 0xB1, 0x00, 0x00, 0x00, 0x0C, 0x00, 0x00, 0x00, 0x09, 
0x00, 0x00, 0x00, 0x09, 0x00, 0x00, 0x00, 0x0B, 0x00, 0x00, 0x00, 0x00, 0x00, 0x00, 0x00, 0x00, 
0x00, 0x00, 0x00, 0xB5, 0x00, 0x00, 0x00, 0x0B, 0x00, 0x00, 0x00, 0x08, 0x00, 0x00, 0x00, 0x08, 
0x00, 0x00, 0x00, 0x08, 0x00, 0x00, 0x00, 0x00, 0x00, 0x00, 0x00, 0x00, 0x00, 0x00, 0x00, 0xB6, 
0x00, 0x00, 0x00, 0x0C, 0x00, 0x00, 0x00, 0x0A, 0x00, 0x00, 0x00, 0x0A, 0x00, 0x00, 0x00, 0x0A, 
0x00, 0x00, 0x00, 0x00, 0x00, 0x00, 0x00, 0x00, 0x00, 0x00, 0x00, 0xBF, 0x00, 0x00, 0x00, 0x0C, 
0x00, 0x00, 0x00, 0x08, 0x00, 0x00, 0x00, 0x08, 0x00, 0x00, 0x00, 0x0B, 0x00, 0x00, 0x00, 0x00, 
0x00, 0x00, 0x00, 0x00, 0x00, 0x00, 0x00, 0xC0, 0x00, 0x00, 0x00, 0x0E, 0x00, 0x00, 0x00, 0x0B, 
0x00, 0x00, 0x00, 0x0A, 0x00, 0x00, 0x00, 0x0E, 0x00, 0x00, 0x00, 0x00, 0x00, 0x00, 0x00, 0x00, 
0x00, 0x00, 0x00, 0xC1, 0x00, 0x00, 0x00, 0x0E, 0x00, 0x00, 0x00, 0x0B, 0x00, 0x00, 0x00, 0x0A, 
0x00, 0x00, 0x00, 0x0E, 0x00, 0x00, 0x00, 0x00, 0x00, 0x00, 0x00, 0x00, 0x00, 0x00, 0x00, 0xC2, 
0x00, 0x00, 0x00, 0x0E, 0x00, 0x00, 0x00, 0x0B, 0x00, 0x00, 0x00, 0x0A, 0x00, 0x00, 0x00, 0x0E, 
0x00, 0x00, 0x00, 0x00, 0x00, 0x00, 0x00, 0x00, 0x00, 0x00, 0x00, 0xC3, 0x00, 0x00, 0x00, 0x0D, 
0x00, 0x00, 0x00, 0x0B, 0x00, 0x00, 0x00, 0x0A, 0x00, 0x00, 0x00, 0x0D, 0x00, 0x00, 0x00, 0x00, 
0x00, 0x00, 0x00, 0x00, 0x00, 0x00, 0x00, 0xC4, 0x00, 0x00, 0x00, 0x0D, 0x00, 0x00, 0x00, 0x0B, 
0x00, 0x00, 0x00, 0x0A, 0x00, 0x00, 0x00, 0x0D, 0x00, 0x00, 0x00, 0x00, 0x00, 0x00, 0x00, 0x00, 
0x00, 0x00, 0x00, 0xC5, 0x00, 0x00, 0x00, 0x0D, 0x00, 0x00, 0x00, 0x0B, 0x00, 0x00, 0x00, 0x0A, 
0x00, 0x00, 0x00, 0x0D, 0x00, 0x00, 0x00, 0x00, 0x00, 0x00, 0x00, 0x00, 0x00, 0x00, 0x00, 0xC6, 
0x00, 0x00, 0x00, 0x0A, 0x00, 0x00, 0x00, 0x0C, 0x00, 0x00, 0x00, 0x0C, 0x00, 0x00, 0x00, 0x0A, 
0x00, 0x00, 0x00, 0x00, 0x00, 0x00, 0x00, 0x00, 0x00, 0x00, 0x00, 0xC7, 0x00, 0x00, 0x00, 0x0E, 
0x00, 0x00, 0x00, 0x0A, 0x00, 0x00, 0x00, 0x0A, 0x00, 0x00, 0x00, 0x0B, 0x00, 0x00, 0x00, 0x00, 
0x00, 0x00, 0x00, 0x00, 0x00, 0x00, 0x00, 0xC8, 0x00, 0x00, 0x00, 0x0E, 0x00, 0x00, 0x00, 0x08, 
0x00, 0x00, 0x00, 0x08, 0x00, 0x00, 0x00, 0x0E, 0x00, 0x00, 0x00, 0x00, 0x00, 0x00, 0x00, 0x00, 
0x00, 0x00, 0x00, 0xC9, 0x00, 0x00, 0x00, 0x0E, 0x00, 0x00, 0x00, 0x08, 0x00, 0x00, 0x00, 0x08, 
0x00, 0x00, 0x00, 0x0E, 0x00, 0x00, 0x00, 0x00, 0x00, 0x00, 0x00, 0x00, 0x00, 0x00, 0x00, 0xCA, 
0x00, 0x00, 0x00, 0x0E, 0x00, 0x00, 0x00, 0x08, 0x00, 0x00, 0x00, 0x08, 0x00, 0x00, 0x00, 0x0E, 
0x00, 0x00, 0x00, 0x00, 0x00, 0x00, 0x00, 0x00, 0x00, 0x00, 0x00, 0xCB, 0x00, 0x00, 0x00, 0x0D, 
0x00, 0x00, 0x00, 0x08, 0x00, 0x00, 0x00, 0x08, 0x00, 0x00, 0x00, 0x0D, 0x00, 0x00, 0x00, 0x00, 
0x00, 0x00, 0x00, 0x00, 0x00, 0x00, 0x00, 0xCC, 0x00, 0x00, 0x00, 0x0E, 0x00, 0x00, 0x00, 0x04, 
0x00, 0x00, 0x00, 0x03, 0x00, 0x00, 0x00, 0x0E, 0xFF, 0xFF, 0xFF, 0xFF, 0x00, 0x00, 0x00, 0x00, 
0x00, 0x00, 0x00, 0xCD, 0x00, 0x00, 0x00, 0x0E, 0x00, 0x00, 0x00, 0x04, 0x00, 0x00, 0x00, 0x03, 
0x00, 0x00, 0x00, 0x0E, 0x00, 0x00, 0x00, 0x00, 0x00, 0x00, 0x00, 0x00, 0x00, 0x00, 0x00, 0xCE, 
0x00, 0x00, 0x00, 0x0E, 0x00, 0x00, 0x00, 0x06, 0x00, 0x00, 0x00, 0x04, 0x00, 0x00, 0x00, 0x0E, 
0xFF, 0xFF, 0xFF, 0xFF, 0x00, 0x00, 0x00, 0x00, 0x00, 0x00, 0x00, 0xCF, 0x00, 0x00, 0x00, 0x0D, 
0x00, 0x00, 0x00, 0x06, 0x00, 0x00, 0x00, 0x04, 0x00, 0x00, 0x00, 0x0D, 0xFF, 0xFF, 0xFF, 0xFF, 
0x00, 0x00, 0x00, 0x00, 0x00, 0x00, 0x00, 0xD1, 0x00, 0x00, 0x00, 0x0E, 0x00, 0x00, 0x00, 0x0A, 
0x00, 0x00, 0x00, 0x0A, 0x00, 0x00, 0x00, 0x0E, 0x00, 0x00, 0x00, 0x00, 0x00, 0x00, 0x00, 0x00, 
0x00, 0x00, 0x00, 0xD2, 0x00, 0x00, 0x00, 0x0F, 0x00, 0x00, 0x00, 0x0B, 0x00, 0x00, 0x00, 0x0B, 
0x00, 0x00, 0x00, 0x0E, 0x00, 0x00, 0x00, 0x00, 0x00, 0x00, 0x00, 0x00, 0x00, 0x00, 0x00, 0xD3, 
0x00, 0x00, 0x00, 0x0F, 0x00, 0x00, 0x00, 0x0B, 0x00, 0x00, 0x00, 0x0B, 0x00, 0x00, 0x00, 0x0E, 
0x00, 0x00, 0x00, 0x00, 0x00, 0x00, 0x00, 0x00, 0x00, 0x00, 0x00, 0xD4, 0x00, 0x00, 0x00, 0x0F, 
0x00, 0x00, 0x00, 0x0B, 0x00, 0x00, 0x00, 0x0B, 0x00, 0x00, 0x00, 0x0E, 0x00, 0x00, 0x00, 0x00, 
0x00, 0x00, 0x00, 0x00, 0x00, 0x00, 0x00, 0xD5, 0x00, 0x00, 0x00, 0x0F, 0x00, 0x00, 0x00, 0x0B, 
0x00, 0x00, 0x00, 0x0B, 0x00, 0x00, 0x00, 0x0E, 0x00, 0x00, 0x00, 0x00, 0x00, 0x00, 0x00, 0x00, 
0x00, 0x00, 0x00, 0xD6, 0x00, 0x00, 0x00, 0x0E, 0x00, 0x00, 0x00, 0x0B, 0x00, 0x00, 0x00, 0x0B, 
0x00, 0x00, 0x00, 0x0D, 0x00, 0x00, 0x00, 0x00, 0x00, 0x00, 0x00, 0x00, 0x00, 0x00, 0x00, 0xD7, 
0x00, 0x00, 0x00, 0x08, 0x00, 0x00, 0x00, 0x08, 0x00, 0x00, 0x00, 0x08, 0x00, 0x00, 0x00, 0x09, 
0x00, 0x00, 0x00, 0x00, 0x00, 0x00, 0x00, 0x00, 0x00, 0x00, 0x00, 0xD8, 0x00, 0x00, 0x00, 0x0E, 
0x00, 0x00, 0x00, 0x0B, 0x00, 0x00, 0x00, 0x0B, 0x00, 0x00, 0x00, 0x0C, 0x00, 0x00, 0x00, 0x00, 
0x00, 0x00, 0x00, 0x00, 0x00, 0x00, 0x00, 0xD9, 0x00, 0x00, 0x00, 0x0F, 0x00, 0x00, 0x00, 0x0A, 
0x00, 0x00, 0x00, 0x0A, 0x00, 0x00, 0x00, 0x0E, 0x00, 0x00, 0x00, 0x00, 0x00, 0x00, 0x00, 0x00, 
0x00, 0x00, 0x00, 0xDA, 0x00, 0x00, 0x00, 0x0F, 0x00, 0x00, 0x00, 0x0A, 0x00, 0x00, 0x00, 0x0A, 
0x00, 0x00, 0x00, 0x0E, 0x00, 0x00, 0x00, 0x00, 0x00, 0x00, 0x00, 0x00, 0x00, 0x00, 0x00, 0xDB, 
0x00, 0x00, 0x00, 0x0F, 0x00, 0x00, 0x00, 0x0A, 0x00, 0x00, 0x00, 0x0A, 0x00, 0x00, 0x00, 0x0E, 
0x00, 0x00, 0x00, 0x00, 0x00, 0x00, 0x00, 0x00, 0x00, 0x00, 0x00, 0xDC, 0x00, 0x00, 0x00, 0x0E, 
0x00, 0x00, 0x00, 0x0A, 0x00, 0x00, 0x00, 0x0A, 0x00, 0x00, 0x00, 0x0D, 0x00, 0x00, 0x00, 0x00, 
0x00, 0x00, 0x00, 0x00, 0x00, 0x00, 0x00, 0xDD, 0x00, 0x00, 0x00, 0x0E, 0x00, 0x00, 0x00, 0x0B, 
0x00, 0x00, 0x00, 0x0A, 0x00, 0x00, 0x00, 0x0E, 0x00, 0x00, 0x00, 0x00, 0x00, 0x00, 0x00, 0x00, 
0x00, 0x00, 0x00, 0xDF, 0x00, 0x00, 0x00, 0x0F, 0x00, 0x00, 0x00, 0x0A, 0x00, 0x00, 0x00, 0x0A, 
0x00, 0x00, 0x00, 0x0D, 0x00, 0x00, 0x00, 0x00, 0x00, 0x00, 0x00, 0x00, 0x00, 0x00, 0x00, 0xE0, 
0x00, 0x00, 0x00, 0x0D, 0x00, 0x00, 0x00, 0x08, 0x00, 0x00, 0x00, 0x08, 0x00, 0x00, 0x00, 0x0C, 
0x00, 0x00, 0x00, 0x00, 0x00, 0x00, 0x00, 0x00, 0x00, 0x00, 0x00, 0xE1, 0x00, 0x00, 0x00, 0x0D, 
0x00, 0x00, 0x00, 0x08, 0x00, 0x00, 0x00, 0x08, 0x00, 0x00, 0x00, 0x0C, 0x00, 0x00, 0x00, 0x00, 
0x00, 0x00, 0x00, 0x00, 0x00, 0x00, 0x00, 0xE2, 0x00, 0x00, 0x00, 0x0D, 0x00, 0x00, 0x00, 0x08, 
0x00, 0x00, 0x00, 0x08, 0x00, 0x00, 0x00, 0x0C, 0x00, 0x00, 0x00, 0x00, 0x00, 0x00, 0x00, 0x00, 
0x00, 0x00, 0x00, 0xE3, 0x00, 0x00, 0x00, 0x0C, 0x00, 0x00, 0x00, 0x08, 0x00, 0x00, 0x00, 0x08, 
0x00, 0x00, 0x00, 0x0B, 0x00, 0x00, 0x00, 0x00, 0x00, 0x00, 0x00, 0x00, 0x00, 0x00, 0x00, 0xE4, 
0x00, 0x00, 0x00, 0x0C, 0x00, 0x00, 0x00, 0x08, 0x00, 0x00, 0x00, 0x08, 0x00, 0x00, 0x00, 0x0B, 
0x00, 0x00, 0x00, 0x00, 0x00, 0x00, 0x00, 0x00, 0x00, 0x00, 0x00, 0xE5, 0x00, 0x00, 0x00, 0x0D, 
0x00, 0x00, 0x00, 0x08, 0x00, 0x00, 0x00, 0x08, 0x00, 0x00, 0x00, 0x0C, 0x00, 0x00, 0x00, 0x00, 
0x00, 0x00, 0x00, 0x00, 0x00, 0x00, 0x00, 0xE6, 0x00, 0x00, 0x00, 0x09, 0x00, 0x00, 0x00, 0x0E, 
0x00, 0x00, 0x00, 0x0E, 0x00, 0x00, 0x00, 0x08, 0x00, 0x00, 0x00, 0x00, 0x00, 0x00, 0x00, 0x00, 
0x00, 0x00, 0x00, 0xE7, 0x00, 0x00, 0x00, 0x0B, 0x00, 0x00, 0x00, 0x08, 0x00, 0x00, 0x00, 0x08, 
0x00, 0x00, 0x00, 0x08, 0x00, 0x00, 0x00, 0x00, 0x00, 0x00, 0x00, 0x00, 0x00, 0x00, 0x00, 0xE8, 
0x00, 0x00, 0x00, 0x0D, 0x00, 0x00, 0x00, 0x08, 0x00, 0x00, 0x00, 0x08, 0x00, 0x00, 0x00, 0x0C, 
0x00, 0x00, 0x00, 0x00, 0x00, 0x00, 0x00, 0x00, 0x00, 0x00, 0x00, 0xE9, 0x00, 0x00, 0x00, 0x0D, 
0x00, 0x00, 0x00, 0x08, 0x00, 0x00, 0x00, 0x08, 0x00, 0x00, 0x00, 0x0C, 0x00, 0x00, 0x00, 0x00, 
0x00, 0x00, 0x00, 0x00, 0x00, 0x00, 0x00, 0xEA, 0x00, 0x00, 0x00, 0x0D, 0x00, 0x00, 0x00, 0x08, 
0x00, 0x00, 0x00, 0x08, 0x00, 0x00, 0x00, 0x0C, 0x00, 0x00, 0x00, 0x00, 0x00, 0x00, 0x00, 0x00, 
0x00, 0x00, 0x00, 0xEB, 0x00, 0x00, 0x00, 0x0C, 0x00, 0x00, 0x00, 0x08, 0x00, 0x00, 0x00, 0x08, 
0x00, 0x00, 0x00, 0x0B, 0x00, 0x00, 0x00, 0x00, 0x00, 0x00, 0x00, 0x00, 0x00, 0x00, 0x00, 0xEC, 
0x00, 0x00, 0x00, 0x0C, 0x00, 0x00, 0x00, 0x04, 0x00, 0x00, 0x00, 0x03, 0x00, 0x00, 0x00, 0x0C, 
0xFF, 0xFF, 0xFF, 0xFF, 0x00, 0x00, 0x00, 0x00, 0x00, 0x00, 0x00, 0xED, 0x00, 0x00, 0x00, 0x0C, 
0x00, 0x00, 0x00, 0x04, 0x00, 0x00, 0x00, 0x03, 0x00, 0x00, 0x00, 0x0C, 0x00, 0x00, 0x00, 0x00, 
0x00, 0x00, 0x00, 0x00, 0x00, 0x00, 0x00, 0xEE, 0x00, 0x00, 0x00, 0x0C, 0x00, 0x00, 0x00, 0x05, 
0x00, 0x00, 0x00, 0x04, 0x00, 0x00, 0x00, 0x0C, 0xFF, 0xFF, 0xFF, 0xFF, 0x00, 0x00, 0x00, 0x00, 
0x00, 0x00, 0x00, 0xEF, 0x00, 0x00, 0x00, 0x0B, 0x00, 0x00, 0x00, 0x05, 0x00, 0x00, 0x00, 0x03, 
0x00, 0x00, 0x00, 0x0B, 0xFF, 0xFF, 0xFF, 0xFF, 0x00, 0x00, 0x00, 0x00, 0x00, 0x00, 0x00, 0xF1, 
0x00, 0x00, 0x00, 0x0C, 0x00, 0x00, 0x00, 0x08, 0x00, 0x00, 0x00, 0x08, 0x00, 0x00, 0x00, 0x0C, 
0x00, 0x00, 0x00, 0x00, 0x00, 0x00, 0x00, 0x00, 0x00, 0x00, 0x00, 0xF2, 0x00, 0x00, 0x00, 0x0D, 
0x00, 0x00, 0x00, 0x09, 0x00, 0x00, 0x00, 0x09, 0x00, 0x00, 0x00, 0x0C, 0x00, 0x00, 0x00, 0x00, 
0x00, 0x00, 0x00, 0x00, 0x00, 0x00, 0x00, 0xF3, 0x00, 0x00, 0x00, 0x0D, 0x00, 0x00, 0x00, 0x09, 
0x00, 0x00, 0x00, 0x09, 0x00, 0x00, 0x00, 0x0C, 0x00, 0x00, 0x00, 0x00, 0x00, 0x00, 0x00, 0x00, 
0x00, 0x00, 0x00, 0xF4, 0x00, 0x00, 0x00, 0x0D, 0x00, 0x00, 0x00, 0x09, 0x00, 0x00, 0x00, 0x09, 
0x00, 0x00, 0x00, 0x0C, 0x00, 0x00, 0x00, 0x00, 0x00, 0x00, 0x00, 0x00, 0x00, 0x00, 0x00, 0xF5, 
0x00, 0x00, 0x00, 0x0D, 0x00, 0x00, 0x00, 0x09, 0x00, 0x00, 0x00, 0x09, 0x00, 0x00, 0x00, 0x0C, 
0x00, 0x00, 0x00, 0x00, 0x00, 0x00, 0x00, 0x00, 0x00, 0x00, 0x00, 0xF6, 0x00, 0x00, 0x00, 0x0C, 
0x00, 0x00, 0x00, 0x09, 0x00, 0x00, 0x00, 0x09, 0x00, 0x00, 0x00, 0x0B, 0x00, 0x00, 0x00, 0x00, 
0x00, 0x00, 0x00, 0x00, 0x00, 0x00, 0x00, 0xF7, 0x00, 0x00, 0x00, 0x09, 0x00, 0x00, 0x00, 0x08, 
0x00, 0x00, 0x00, 0x08, 0x00, 0x00, 0x00, 0x0A, 0x00, 0x00, 0x00, 0x00, 0x00, 0x00, 0x00, 0x00, 
0x00, 0x00, 0x00, 0xF8, 0x00, 0x00, 0x00, 0x0C, 0x00, 0x00, 0x00, 0x09, 0x00, 0x00, 0x00, 0x09, 
0x00, 0x00, 0x00, 0x0A, 0x00, 0x00, 0x00, 0x00, 0x00, 0x00, 0x00, 0x00, 0x00, 0x00, 0x00, 0xF9, 
0x00, 0x00, 0x00, 0x0D, 0x00, 0x00, 0x00, 0x08, 0x00, 0x00, 0x00, 0x08, 0x00, 0x00, 0x00, 0x0C, 
0x00, 0x00, 0x00, 0x00, 0x00, 0x00, 0x00, 0x00, 0x00, 0x00, 0x00, 0xFA, 0x00, 0x00, 0x00, 0x0D, 
0x00, 0x00, 0x00, 0x08, 0x00, 0x00, 0x00, 0x08, 0x00, 0x00, 0x00, 0x0C, 0x00, 0x00, 0x00, 0x00, 
0x00, 0x00, 0x00, 0x00, 0x00, 0x00, 0x00, 0xFB, 0x00, 0x00, 0x00, 0x0D, 0x00, 0x00, 0x00, 0x08, 
0x00, 0x00, 0x00, 0x08, 0x00, 0x00, 0x00, 0x0C, 0x00, 0x00, 0x00, 0x00, 0x00, 0x00, 0x00, 0x00, 
0x00, 0x00, 0x00, 0xFC, 0x00, 0x00, 0x00, 0x0C, 0x00, 0x00, 0x00, 0x08, 0x00, 0x00, 0x00, 0x08, 
0x00, 0x00, 0x00, 0x0B, 0x00, 0x00, 0x00, 0x00, 0x00, 0x00, 0x00, 0x00, 0x00, 0x00, 0x00, 0xFD, 
0x00, 0x00, 0x00, 0x10, 0x00, 0x00, 0x00, 0x08, 0x00, 0x00, 0x00, 0x08, 0x00, 0x00, 0x00, 0x0C, 
0x00, 0x00, 0x00, 0x00, 0x00, 0x00, 0x00, 0x00, 0x00, 0x00, 0x00, 0xFF, 0x00, 0x00, 0x00, 0x0F, 
0x00, 0x00, 0x00, 0x08, 0x00, 0x00, 0x00, 0x08, 0x00, 0x00, 0x00, 0x0B, 0x00, 0x00, 0x00, 0x00, 
0x00, 0x00, 0x00, 0x00, 0x00, 0x00, 0x01, 0x52, 0x00, 0x00, 0x00, 0x0C, 0x00, 0x00, 0x00, 0x0E, 
0x00, 0x00, 0x00, 0x0E, 0x00, 0x00, 0x00, 0x0B, 0x00, 0x00, 0x00, 0x00, 0x00, 0x00, 0x00, 0x00, 
0x00, 0x00, 0x01, 0x53, 0x00, 0x00, 0x00, 0x09, 0x00, 0x00, 0x00, 0x0E, 0x00, 0x00, 0x00, 0x0E, 
0x00, 0x00, 0x00, 0x08, 0x00, 0x00, 0x00, 0x00, 0x00, 0x00, 0x00, 0x00, 0x00, 0x00, 0x01, 0x60, 
0x00, 0x00, 0x00, 0x0F, 0x00, 0x00, 0x00, 0x09, 0x00, 0x00, 0x00, 0x09, 0x00, 0x00, 0x00, 0x0E, 
0x00, 0x00, 0x00, 0x00, 0x00, 0x00, 0x00, 0x00, 0x00, 0x00, 0x01, 0x61, 0x00, 0x00, 0x00, 0x0D, 
0x00, 0x00, 0x00, 0x07, 0x00, 0x00, 0x00, 0x07, 0x00, 0x00, 0x00, 0x0C, 0x00, 0x00, 0x00, 0x00, 
0x00, 0x00, 0x00, 0x00, 0x00, 0x00, 0x01, 0x78, 0x00, 0x00, 0x00, 0x0D, 0x00, 0x00, 0x00, 0x0B, 
0x00, 0x00, 0x00, 0x0A, 0x00, 0x00, 0x00, 0x0D, 0x00, 0x00, 0x00, 0x00, 0x00, 0x00, 0x00, 0x00, 
0x00, 0x00, 0x01, 0x7D, 0x00, 0x00, 0x00, 0x0E, 0x00, 0x00, 0x00, 0x0A, 0x00, 0x00, 0x00, 0x0A, 
0x00, 0x00, 0x00, 0x0E, 0x00, 0x00, 0x00, 0x00, 0x00, 0x00, 0x00, 0x00, 0x00, 0x00, 0x01, 0x7E, 
0x00, 0x00, 0x00, 0x0C, 0x00, 0x00, 0x00, 0x08, 0x00, 0x00, 0x00, 0x08, 0x00, 0x00, 0x00, 0x0C, 
0x00, 0x00, 0x00, 0x00, 0x00, 0x00, 0x00, 0x00, 0x00, 0x00, 0x20, 0x18, 0x00, 0x00, 0x00, 0x05, 
0x00, 0x00, 0x00, 0x03, 0x00, 0x00, 0x00, 0x03, 0x00, 0x00, 0x00, 0x0B, 0x00, 0x00, 0x00, 0x00, 
0x00, 0x00, 0x00, 0x00, 0x00, 0x00, 0x20, 0x19, 0x00, 0x00, 0x00, 0x05, 0x00, 0x00, 0x00, 0x03, 
0x00, 0x00, 0x00, 0x03, 0x00, 0x00, 0x00, 0x0B, 0x00, 0x00, 0x00, 0x00, 0x00, 0x00, 0x00, 0x00, 
0x00, 0x00, 0x20, 0x1C, 0x00, 0x00, 0x00, 0x05, 0x00, 0x00, 0x00, 0x06, 0x00, 0x00, 0x00, 0x06, 
0x00, 0x00, 0x00, 0x0B, 0x00, 0x00, 0x00, 0x00, 0x00, 0x00, 0x00, 0x00, 0x00, 0x00, 0x20, 0x1D, 
0x00, 0x00, 0x00, 0x05, 0x00, 0x00, 0x00, 0x06, 0x00, 0x00, 0x00, 0x06, 0x00, 0x00, 0x00, 0x0B, 
0x00, 0x00, 0x00, 0x00, 0x00, 0x00, 0x00, 0x00, 0x00, 0x00, 0x20, 0xAC, 0x00, 0x00, 0x00, 0x0D, 
0x00, 0x00, 0x00, 0x0D, 0x00, 0x00, 0x00, 0x0D, 0x00, 0x00, 0x00, 0x0C, 0x00, 0x00, 0x00, 0x00, 
0x00, 0x00, 0x00, 0x00, 0x00, 0x00, 0x21, 0x22, 0x00, 0x00, 0x00, 0x05, 0x00, 0x00, 0x00, 0x0B, 
0x00, 0x00, 0x00, 0x0B, 0x00, 0x00, 0x00, 0x0A, 0x00, 0x00, 0x00, 0x00, 0x00, 0x00, 0x00, 0x00, 
0x66, 0xE0, 0xDC, 0x6E, 0xFF, 0xF5, 0x67, 0xFF, 0xED, 0x60, 0xFF, 0xE5, 0x58, 0xFF, 0xDD, 0x51, 
0xFF, 0xD6, 0x4A, 0xFF, 0xCE, 0x15, 0x50, 0x3E, 0x29, 0xEF, 0x9C, 0x38, 0xFE, 0xB8, 0x00, 0x1D, 
0x08, 0x00, 0x30, 0x0E, 0x07, 0x34, 0x02, 0x59, 0xFF, 0xC3, 0x9D, 0xFF, 0x7B, 0x48, 0xFD, 0xD0, 
0x89, 0xFF, 0x8E, 0x02, 0x80, 0x89, 0x0D, 0xB9, 0x40, 0x13, 0x79, 0x08, 0x37, 0x4E, 0x00, 0x00, 
0x00, 0x00, 0x21, 0x90, 0x73, 0x00, 0x11, 0x90, 0x85, 0x00, 0x00, 0x00, 0x00, 0x00, 0x65, 0xFF, 
0xA5, 0x00, 0x47, 0xFF, 0xC5, 0x00, 0x00, 0x00, 0x07, 0x14, 0xA0, 0xFF, 0x7E, 0x14, 0x83, 0xFF, 
0x9B, 0x14, 0x02, 0x00, 0x75, 0xFF, 0xFF, 0xFF, 0xFF, 0xFF, 0xFF, 0xFF, 0xFF, 0xFC, 0x0A, 0x00, 
0x84, 0xD3, 0xFF, 0xFE, 0xD0, 0xD0, 0xFD, 0xFF, 0xD3, 0xAF, 0x00, 0x00, 0x00, 0x33, 0xFF, 0xD7, 
0x00, 0x14, 0xFF, 0xF1, 0x01, 0x00, 0x00, 0x0E, 0x60, 0x99, 0xFF, 0xCB, 0x60, 0x87, 0xFF, 0xDD, 
0x60, 0x21, 0x00, 0x47, 0xFF, 0xFF, 0xFF, 0xFF, 0xFF, 0xFF, 0xFF, 0xFF, 0xFF, 0x39, 0x00, 0x37, 
0x84, 0xED, 0xFF, 0x9A, 0x84, 0xDF, 0xFF, 0xA8, 0x84, 0x0A, 0x00, 0x00, 0x06, 0xF9, 0xFC, 0x0B, 
0x00, 0xE4, 0xFF, 0x25, 0x00, 0x00, 0x00, 0x00, 0x35, 0xFF, 0xD2, 0x00, 0x19, 0xFF, 0xF0, 0x01, 
0x00, 0x00, 0x00, 0x00, 0x00, 0x00, 0x3F, 0x90, 0x1B, 0x00, 0x00, 0x00, 0x00, 0x00, 0x00, 0x70, 
0xFF, 0x30, 0x00, 0x00, 0x00, 0x00, 0x14, 0x9C, 0xEF, 0xFF, 0xE3, 0x8C, 0x15, 0x00, 0x03, 0xCC, 
0xFF, 0xFF, 0xFF, 0xFF, 0xFF, 0xCA, 0x00, 0x2B, 0xFF, 0xFF, 0xAA, 0xFF, 0x5C, 0xC1, 0x3E, 0x00, 
0x24, 0xFF, 0xFF, 0xB3, 0xFF, 0x30, 0x00, 0x00, 0x00, 0x00, 0xA4, 0xFF, 0xFF, 0xFF, 0xC4, 0x62, 
0x02, 0x00, 0x00, 0x00, 0x4A, 0xC1, 0xFF, 0xFF, 0xFF, 0xAB, 0x00, 0x00, 0x00, 0x00, 0x70, 0xFF, 
0x85, 0xFF, 0xFF, 0x22, 0x00, 0xA4, 0x51, 0x74, 0xFF, 0x70, 0xFF, 0xFF, 0x2C, 0x46, 0xFF, 0xFF, 
0xFC, 0xFF, 0xFF, 0xFF, 0xCE, 0x03, 0x01, 0x69, 0xDB, 0xFF, 0xFF, 0xF9, 0xAD, 0x1A, 0x00, 0x00, 
0x00, 0x00, 0x78, 0xFF, 0x35, 0x00, 0x00, 0x00, 0x00, 0x00, 0x00, 0x4D, 0xB0, 0x21, 0x00, 0x00, 
0x00, 0x0C, 0xBF, 0xE2, 0x3D, 0x00, 0x25, 0xDE, 0x52, 0x63, 0xAB, 0x5B, 0xBB, 0x00, 0xAF, 0xD5, 
0x03, 0x5F, 0xB1, 0x66, 0xB7, 0x3C, 0xFF, 0x4B, 0x00, 0x09, 0xAF, 0xD2, 0x35, 0xC8, 0xBE, 0x00, 
0x00, 0x00, 0x00, 0x00, 0x57, 0xFE, 0x33, 0x00, 0x00, 0x00, 0x00, 0x06, 0xDD, 0xA3, 0x00, 0x00, 
0x00, 0x00, 0x00, 0x71, 0xF7, 0x31, 0xA5, 0xA0, 0x0E, 0x00, 0x11, 0xED, 0x89, 0x86, 0x9E, 0xA7, 
0x79, 0x00, 0x8C, 0xEC, 0x0F, 0x99, 0x6D, 0x79, 0x8D, 0x20, 0xF8, 0x6E, 0x00, 0x35, 0xEE, 0xEB, 
0x2D, 0x00, 0x00, 0x00, 0x00, 0x00, 0x07, 0x06, 0x00, 0x00, 0x00, 0x83, 0xEC, 0xE0, 0x5D, 0x00, 
0x00, 0x00, 0x00, 0x00, 0x00, 0x5F, 0xFF, 0xF9, 0xFF, 0xFB, 0x25, 0x00, 0x00, 0x00, 0x00, 0x00, 
0xA3, 0xFF, 0x4F, 0x97, 0xFF, 0x5B, 0x00, 0x00, 0x00, 0x00, 0x00, 0x86, 0xFF, 0xAB, 0xE5, 0xFF, 
0x3B, 0x00, 0x00, 0x00, 0x00, 0x00, 0x3E, 0xFF, 0xFF, 0xFF, 0xA4, 0x70, 0xF0, 0xF0, 0xF0, 0x21, 
0x10, 0xE5, 0xFF, 0xFF, 0xFF, 0x77, 0x88, 0xFF, 0xF8, 0xF4, 0x22, 0x60, 0xFF, 0xB1, 0x3F, 0xEC, 
0xFF, 0xEF, 0xFF, 0x35, 0x00, 0x00, 0x66, 0xFF, 0x87, 0x00, 0x29, 0xEF, 0xFF, 0xF7, 0x0A, 0x00, 
0x00, 0x23, 0xF7, 0xFE, 0xC5, 0xDC, 0xFF, 0xFF, 0xFF, 0xC3, 0x0F, 0x00, 0x00, 0x4F, 0xE7, 0xFF, 
0xFF, 0xD3, 0x57, 0xC8, 0xFF, 0xD0, 0x18, 0x00, 0x00, 0x01, 0x20, 0x18, 0x00, 0x00, 0x00, 0x00, 
0x00, 0x00, 0x00, 0x30, 0x0E, 0x59, 0xFF, 0xC3, 0x48, 0xFD, 0xD0, 0x02, 0x80, 0x89, 0x13, 0x79, 
0x08, 0x00, 0x0A, 0xB5, 0xBD, 0x0F, 0x00, 0x69, 0xFF, 0xBC, 0x00, 0x00, 0xC9, 0xFF, 0x67, 0x00, 
0x16, 0xFE, 0xFF, 0x1E, 0x00, 0x47, 0xFF, 0xE9, 0x00, 0x00, 0x61, 0xFF, 0xCB, 0x00, 0x00, 0x72, 
0xFF, 0xB9, 0x00, 0x00, 0x66, 0xFF, 0xC2, 0x00, 0x00, 0x50, 0xFF, 0xDF, 0x00, 0x00, 0x25, 0xFF, 
0xFF, 0x10, 0x00, 0x00, 0xE1, 0xFF, 0x50, 0x00, 0x00, 0x83, 0xFF, 0x9F, 0x00, 0x00, 0x1A, 0xF7, 
0xF3, 0x0E, 0x00, 0x00, 0x03, 0x04, 0x00, 0x3A, 0xC0, 0x91, 0x00, 0x00, 0x08, 0xF1, 0xFF, 0x28, 
0x00, 0x00, 0xA6, 0xFF, 0x8A, 0x00, 0x00, 0x60, 0xFF, 0xD5, 0x00, 0x00, 0x28, 0xFF, 0xFE, 0x0A, 
0x00, 0x08, 0xFF, 0xFF, 0x22, 0x00, 0x00, 0xF6, 0xFF, 0x35, 0x00, 0x05, 0xFE, 0xFF, 0x28, 0x00, 
0x1E, 0xFF, 0xFF, 0x10, 0x00, 0x4F, 0xFF, 0xE4, 0x00, 0x00, 0x92, 0xFF, 0x9F, 0x00, 0x01, 0xE1, 
0xFF, 0x45, 0x00, 0x40, 0xFF, 0xD3, 0x01, 0x00, 0x01, 0x04, 0x02, 0x00, 0x00, 0x00, 0x00, 0x47, 
0x51, 0x00, 0x00, 0x29, 0xAC, 0x9B, 0xA7, 0xA2, 0x3C, 0x16, 0x99, 0xFC, 0xFE, 0xA6, 0x1F, 0x18, 
0x9E, 0xFD, 0xFF, 0xAC, 0x21, 0x28, 0xA9, 0x99, 0xA6, 0x9E, 0x3B, 0x00, 0x00, 0x45, 0x4F, 0x00, 
0x00, 0x00, 0x00, 0x00, 0x27, 0x78, 0x52, 0x00, 0x00, 0x00, 0x00, 0x00, 0x00, 0x54, 0xFF, 0xB0, 
0x00, 0x00, 0x00, 0x00, 0x00, 0x00, 0x54, 0xFF, 0xB0, 0x00, 0x00, 0x00, 0x27, 0x54, 0x54, 0x8C, 
0xFF, 0xCA, 0x54, 0x54, 0x45, 0x78, 0xFF, 0xFF, 0xFF, 0xFF, 0xFF, 0xFF, 0xFF, 0xD4, 0x52, 0xB0, 
0xB0, 0xCA, 0xFF, 0xE7, 0xB0, 0xB0, 0x91, 0x00, 0x00, 0x00, 0x54, 0xFF, 0xB0, 0x00, 0x00, 0x00, 
0x00, 0x00, 0x00, 0x54, 0xFF, 0xB0, 0x00, 0x00, 0x00, 0x00, 0x00, 0x00, 0x46, 0xD8, 0x94, 0x00, 
0x00, 0x00, 0x00, 0x1F, 0x07, 0x50, 0xFF, 0xBA, 0x50, 0xFF, 0xD5, 0x00, 0x7D, 0x8E, 0x15, 0x82, 
0x08, 0x5F, 0xCC, 0xCC, 0xCC, 0xCC, 0x95, 0x78, 0xFF, 0xFF, 0xFF, 0xFF, 0xBC, 0x1C, 0x3C, 0x3C, 
0x3C, 0x3C, 0x2C, 0x00, 0x1F, 0x07, 0x50, 0xFF, 0xB9, 0x50, 0xFF, 0xB9, 0x00, 0x1F, 0x07, 0x00, 
0x00, 0x00, 0x00, 0x25, 0xA4, 0x83, 0x00, 0x00, 0x00, 0x00, 0x90, 0xFF, 0x77, 0x00, 0x00, 0x00, 
0x09, 0xEF, 0xF9, 0x15, 0x00, 0x00, 0x00, 0x63, 0xFF, 0xA6, 0x00, 0x00, 0x00, 0x00, 0xCC, 0xFF, 
0x3D, 0x00, 0x00, 0x00, 0x35, 0xFF, 0xD4, 0x00, 0x00, 0x00, 0x00, 0x9E, 0xFF, 0x6B, 0x00, 0x00, 
0x00, 0x11, 0xF6, 0xF4, 0x0E, 0x00, 0x00, 0x00, 0x71, 0xFF, 0x99, 0x00, 0x00, 0x00, 0x01, 0xD9, 
0xFF, 0x31, 0x00, 0x00, 0x00, 0x43, 0xFF, 0xC8, 0x00, 0x00, 0x00, 0x00, 0x00, 0x00, 0x00, 0x00, 
0x05, 0x00, 0x00, 0x00, 0x00, 0x00, 0x00, 0x69, 0xDD, 0xFF, 0xEE, 0x92, 0x0B, 0x00, 0x00, 0x81, 
0xFF, 0xFF, 0xFF, 0xFF, 0xFF, 0xC1, 0x03, 0x26, 0xFD, 0xFF, 0x7C, 0x0D, 0x4B, 0xF3, 0xFF, 0x67, 
0x7E, 0xFF, 0xC9, 0x00, 0x00, 0x00, 0x85, 0xFF, 0xC1, 0xA5, 0xFF, 0x8A, 0x00, 0x00, 0x00, 0x47, 
0xFF, 0xE8, 0xA8, 0xFF, 0x85, 0x00, 0x00, 0x00, 0x41, 0xFF, 0xEB, 0x87, 0xFF, 0xB9, 0x00, 0x00, 
0x00, 0x75, 0xFF, 0xC9, 0x35, 0xFF, 0xFE, 0x55, 0x00, 0x26, 0xE8, 0xFF, 0x78, 0x00, 0x9F, 0xFF, 
0xFF, 0xE9, 0xFD, 0xFF, 0xD7, 0x0B, 0x00, 0x04, 0x8D, 0xF7, 0xFF, 0xFE, 0xB6, 0x19, 0x00, 0x00, 
0x00, 0x00, 0x0A, 0x29, 0x14, 0x00, 0x00, 0x00, 0x00, 0x00, 0x97, 0xE0, 0x26, 0x0F, 0x5B, 0xF9, 
0xFF, 0x2C, 0xE4, 0xFF, 0xFF, 0xFF, 0x2C, 0x92, 0xA4, 0xFF, 0xFF, 0x2C, 0x00, 0x00, 0xFF, 0xFF, 
0x2C, 0x00, 0x00, 0xFF, 0xFF, 0x2C, 0x00, 0x00, 0xFF, 0xFF, 0x2C, 0x00, 0x00, 0xFF, 0xFF, 0x2C, 
0x00, 0x00, 0xFF, 0xFF, 0x2C, 0x00, 0x00, 0xFF, 0xFF, 0x2C, 0x00, 0x00, 0x00, 0x00, 0x04, 0x00, 
0x00, 0x00, 0x00, 0x00, 0x1E, 0x9E, 0xEB, 0xFF, 0xE6, 0x8B, 0x0E, 0x00, 0x04, 0xE1, 0xFF, 0xFF, 
0xF3, 0xFF, 0xFF, 0xB9, 0x00, 0x00, 0x58, 0xAF, 0x22, 0x00, 0x56, 0xFF, 0xFF, 0x12, 0x00, 0x00, 
0x00, 0x00, 0x00, 0x58, 0xFF, 0xFD, 0x0B, 0x00, 0x00, 0x00, 0x1A, 0x9C, 0xFE, 0xFF, 0x9E, 0x00, 
0x00, 0x01, 0x6E, 0xF5, 0xFF, 0xFF, 0xA5, 0x08, 0x00, 0x00, 0x99, 0xFF, 0xFF, 0xBB, 0x37, 0x00, 
0x00, 0x00, 0x36, 0xFF, 0xF8, 0x52, 0x00, 0x00, 0x00, 0x00, 0x00, 0x70, 0xFF, 0xF3, 0xC0, 0xC0, 
0xC0, 0xC0, 0xC0, 0x33, 0x78, 0xFF, 0xFF, 0xFF, 0xFF, 0xFF, 0xFF, 0xFF, 0x44, 0x16, 0x30, 0x30, 
0x30, 0x30, 0x30, 0x30, 0x30, 0x0C, 0x00, 0x00, 0x00, 0x03, 0x00, 0x00, 0x00, 0x00, 0x01, 0x65, 
0xD0, 0xFB, 0xF5, 0xBE, 0x3D, 0x00, 0x6E, 0xFF, 0xFF, 0xF7, 0xFB, 0xFF, 0xFB, 0x33, 0x0A, 0xC2, 
0x57, 0x03, 0x0C, 0xD6, 0xFF, 0x89, 0x00, 0x00, 0x00, 0x00, 0x00, 0xC7, 0xFF, 0x76, 0x00, 0x00, 
0x7D, 0xD4, 0xE7, 0xFF, 0xB4, 0x0C, 0x00, 0x00, 0x82, 0xDC, 0xEE, 0xFF, 0xD4, 0x2A, 0x00, 0x00, 
0x00, 0x00, 0x01, 0x9C, 0xFF, 0xAF, 0x2D, 0xA7, 0x1E, 0x00, 0x01, 0x9E, 0xFF, 0xC6, 0xB2, 0xFF, 
0xFE, 0xE1, 0xE7, 0xFF, 0xFF, 0x6E, 0x1B, 0xA3, 0xF6, 0xFF, 0xFF, 0xE9, 0x6F, 0x00, 0x00, 0x00, 
0x07, 0x23, 0x1C, 0x01, 0x00, 0x00, 0x00, 0x00, 0x00, 0x00, 0xAC, 0xE0, 0x9A, 0x00, 0x00, 0x00, 
0x00, 0x67, 0xFF, 0xFF, 0xB0, 0x00, 0x00, 0x00, 0x1F, 0xF2, 0xFF, 0xFF, 0xB0, 0x00, 0x00, 0x01, 
0xBC, 0xFF, 0xDE, 0xFF, 0xB0, 0x00, 0x00, 0x68, 0xFF, 0xC1, 0x7D, 0xFF, 0xB0, 0x00, 0x20, 0xF3, 
0xF4, 0x23, 0x7C, 0xFF, 0xB0, 0x00, 0xB8, 0xFF, 0xA7, 0x48, 0xA1, 0xFF, 0xC6, 0x3C, 0xE4, 0xFF, 
0xFF, 0xFF, 0xFF, 0xFF, 0xFF, 0xD8, 0x55, 0x60, 0x60, 0x60, 0xAD, 0xFF, 0xCE, 0x51, 0x00, 0x00, 
0x00, 0x00, 0x7C, 0xFF, 0xB0, 0x00, 0x00, 0x6D, 0xE0, 0xE0, 0xE0, 0xE0, 0xE0, 0x65, 0x00, 0x00, 
0x9A, 0xFF, 0xFF, 0xFF, 0xFF, 0xFF, 0x74, 0x00, 0x00, 0xB9, 0xFF, 0x61, 0x24, 0x24, 0x24, 0x10, 
0x00, 0x00, 0xD7, 0xFF, 0x61, 0x69, 0x56, 0x17, 0x00, 0x00, 0x00, 0xF5, 0xFF, 0xFF, 0xFF, 0xFF, 
0xF0, 0x47, 0x00, 0x02, 0x7B, 0xD7, 0x8F, 0x73, 0xCE, 0xFF, 0xE7, 0x05, 0x00, 0x00, 0x00, 0x00, 
0x00, 0x20, 0xFF, 0xFF, 0x2B, 0x00, 0xA5, 0x4D, 0x02, 0x00, 0x37, 0xFF, 0xFF, 0x2E, 0x47, 0xFF, 
0xFF, 0xF0, 0xDB, 0xFB, 0xFF, 0xD0, 0x01, 0x01, 0x6A, 0xDD, 0xFF, 0xFF, 0xFD, 0xA6, 0x19, 0x00, 
0x00, 0x00, 0x00, 0x18, 0x26, 0x08, 0x00, 0x00, 0x00, 0x00, 0x00, 0x00, 0x00, 0x05, 0x00, 0x00, 
0x00, 0x00, 0x04, 0x83, 0xEA, 0xFF, 0xE1, 0x73, 0x01, 0x00, 0x9B, 0xFF, 0xFF, 0xFF, 0xFF, 0xFD, 
0x3B, 0x31, 0xFF, 0xFE, 0x5B, 0x0C, 0x6B, 0x58, 0x00, 0x82, 0xFF, 0xB9, 0x3A, 0x6F, 0x56, 0x09, 
0x00, 0xA7, 0xFF, 0xE7, 0xFF, 0xFA, 0xFF, 0xDD, 0x16, 0xAA, 0xFF, 0xDF, 0x22, 0x03, 0x9D, 0xFF, 
0x8C, 0x92, 0xFF, 0xAA, 0x00, 0x00, 0x4A, 0xFF, 0xB5, 0x56, 0xFF, 0xF6, 0x27, 0x00, 0x95, 0xFF, 
0x98, 0x07, 0xDA, 0xFF, 0xF9, 0xE7, 0xFF, 0xFE, 0x40, 0x00, 0x26, 0xCE, 0xFF, 0xFF, 0xED, 0x63, 
0x00, 0x00, 0x00, 0x00, 0x1F, 0x1F, 0x01, 0x00, 0x00, 0xC7, 0xE0, 0xE0, 0xE0, 0xE0, 0xE0, 0xE0, 
0x85, 0xE4, 0xFF, 0xFF, 0xFF, 0xFF, 0xFF, 0xFF, 0x91, 0x20, 0x24, 0x24, 0x24, 0x87, 0xFF, 0xCC, 
0x0E, 0x00, 0x00, 0x00, 0x3B, 0xFB, 0xE8, 0x19, 0x00, 0x00, 0x00, 0x09, 0xDB, 0xFF, 0x53, 0x00, 
0x00, 0x00, 0x00, 0x83, 0xFF, 0xCC, 0x00, 0x00, 0x00, 0x00, 0x0E, 0xF3, 0xFF, 0x5C, 0x00, 0x00, 
0x00, 0x00, 0x5F, 0xFF, 0xFE, 0x13, 0x00, 0x00, 0x00, 0x00, 0x9E, 0xFF, 0xE7, 0x00, 0x00, 0x00, 
0x00, 0x00, 0xBE, 0xFF, 0xCD, 0x00, 0x00, 0x00, 0x00, 0x00, 0x00, 0x00, 0x00, 0x03, 0x00, 0x00, 
0x00, 0x00, 0x00, 0x16, 0x9C, 0xEC, 0xFD, 0xDA, 0x67, 0x00, 0x00, 0x03, 0xD2, 0xFF, 0xFF, 0xFE, 
0xFF, 0xFF, 0x78, 0x00, 0x36, 0xFF, 0xF5, 0x34, 0x04, 0x80, 0xFF, 0xD9, 0x00, 0x24, 0xFF, 0xEC, 
0x0E, 0x00, 0x54, 0xFF, 0xC9, 0x00, 0x00, 0x8C, 0xFF, 0xE9, 0xC6, 0xFB, 0xF6, 0x3B, 0x00, 0x23, 
0xE5, 0xFF, 0xD1, 0xB1, 0xEB, 0xFF, 0xAE, 0x00, 0x94, 0xFF, 0x9F, 0x00, 0x00, 0x11, 0xE8, 0xFF, 
0x39, 0xA2, 0xFF, 0x93, 0x00, 0x00, 0x0A, 0xE2, 0xFF, 0x49, 0x46, 0xFE, 0xFF, 0xC0, 0xA0, 0xDE, 
0xFF, 0xE0, 0x0A, 0x00, 0x50, 0xD6, 0xFF, 0xFF, 0xFE, 0xAD, 0x21, 0x00, 0x00, 0x00, 0x00, 0x13, 
0x26, 0x08, 0x00, 0x00, 0x00, 0x00, 0x00, 0x00, 0x01, 0x02, 0x00, 0x00, 0x00, 0x00, 0x3C, 0xC5, 
0xF6, 0xFA, 0xB1, 0x1A, 0x00, 0x25, 0xF6, 0xFF, 0xFF, 0xFF, 0xFF, 0xD1, 0x05, 0x84, 0xFF, 0xB9, 
0x0F, 0x3A, 0xF6, 0xFF, 0x58, 0xA5, 0xFF, 0x5E, 0x00, 0x00, 0x9E, 0xFF, 0x9A, 0x85, 0xFF, 0x9B, 
0x00, 0x09, 0xC4, 0xFF, 0xB7, 0x19, 0xE8, 0xFF, 0xE0, 0xEF, 0xF5, 0xFF, 0xB8, 0x00, 0x12, 0x72, 
0x91, 0x64, 0x9F, 0xFF, 0x99, 0x00, 0x34, 0x58, 0x00, 0x2E, 0xF5, 0xFF, 0x4F, 0x2B, 0xF1, 0xFF, 
0xE9, 0xFC, 0xFF, 0xC3, 0x02, 0x03, 0x8A, 0xF6, 0xFF, 0xFE, 0xB1, 0x12, 0x00, 0x00, 0x00, 0x0A, 
0x29, 0x14, 0x00, 0x00, 0x00, 0x22, 0xB7, 0x68, 0x6C, 0xFF, 0xD7, 0x11, 0x84, 0x41, 0x00, 0x00, 
0x00, 0x00, 0x00, 0x00, 0x00, 0x1F, 0x07, 0x50, 0xFF, 0xB9, 0x50, 0xFF, 0xB9, 0x00, 0x1F, 0x07, 
0x22, 0xB7, 0x68, 0x6C, 0xFF, 0xD7, 0x11, 0x84, 0x41, 0x00, 0x00, 0x00, 0x00, 0x00, 0x00, 0x00, 
0x1F, 0x07, 0x50, 0xFF, 0xBA, 0x50, 0xFF, 0xD5, 0x00, 0x7D, 0x8E, 0x15, 0x82, 0x08, 0x00, 0x00, 
0x00, 0x00, 0x00, 0x00, 0x00, 0x01, 0x26, 0x00, 0x00, 0x00, 0x00, 0x00, 0x22, 0x81, 0xE0, 0xB8, 
0x00, 0x00, 0x0B, 0x5E, 0xBF, 0xFE, 0xFF, 0xFF, 0xB6, 0x28, 0x9D, 0xF3, 0xFF, 0xFF, 0xFF, 0xC7, 
0x66, 0x0E, 0x78, 0xFF, 0xFF, 0xEE, 0x89, 0x28, 0x00, 0x00, 0x00, 0x78, 0xFF, 0xFF, 0xFE, 0xC0, 
0x5F, 0x0B, 0x00, 0x00, 0x0E, 0x66, 0xC7, 0xFF, 0xFF, 0xFF, 0xF3, 0x9D, 0x35, 0x00, 0x00, 0x00, 
0x27, 0x88, 0xE5, 0xFF, 0xFF, 0xB8, 0x00, 0x00, 0x00, 0x00, 0x00, 0x03, 0x4A, 0xAA, 0xB0, 0x00, 
0x00, 0x00, 0x00, 0x00, 0x00, 0x00, 0x00, 0x05, 0x05, 0x0C, 0x0C, 0x0C, 0x0C, 0x0C, 0x0C, 0x0C, 
0x09, 0x78, 0xFF, 0xFF, 0xFF, 0xFF, 0xFF, 0xFF, 0xFF, 0xD4, 0x76, 0xFC, 0xFC, 0xFC, 0xFC, 0xFC, 
0xFC, 0xFC, 0xD0, 0x00, 0x00, 0x00, 0x00, 0x00, 0x00, 0x00, 0x00, 0x00, 0x49, 0x9C, 0x9C, 0x9C, 
0x9C, 0x9C, 0x9C, 0x9C, 0x81, 0x78, 0xFF, 0xFF, 0xFF, 0xFF, 0xFF, 0xFF, 0xFF, 0xD4, 0x32, 0x6C, 
0x6C, 0x6C, 0x6C, 0x6C, 0x6C, 0x6C, 0x59, 0x1E, 0x09, 0x00, 0x00, 0x00, 0x00, 0x00, 0x00, 0x00, 
0x78, 0xF0, 0x99, 0x38, 0x00, 0x00, 0x00, 0x00, 0x00, 0x76, 0xFF, 0xFF, 0xFF, 0xD7, 0x76, 0x19, 
0x00, 0x00, 0x04, 0x4E, 0xAF, 0xFA, 0xFF, 0xFF, 0xFC, 0xB5, 0x46, 0x00, 0x00, 0x00, 0x15, 0x71, 
0xDA, 0xFF, 0xFF, 0xB8, 0x00, 0x00, 0x02, 0x47, 0xA8, 0xF8, 0xFF, 0xFF, 0xB8, 0x1D, 0x85, 0xE3, 
0xFF, 0xFF, 0xFF, 0xDD, 0x7E, 0x1E, 0x78, 0xFF, 0xFF, 0xF4, 0xA0, 0x3F, 0x01, 0x00, 0x00, 0x77, 
0xC2, 0x62, 0x0C, 0x00, 0x00, 0x00, 0x00, 0x00, 0x05, 0x00, 0x00, 0x00, 0x00, 0x00, 0x00, 0x00, 
0x00, 0x00, 0x00, 0x00, 0x04, 0x00, 0x00, 0x00, 0x00, 0x00, 0x63, 0xD5, 0xFD, 0xF4, 0xB7, 0x2B, 
0x00, 0x44, 0xFF, 0xFF, 0xF5, 0xFB, 0xFF, 0xE3, 0x06, 0x00, 0xAB, 0x55, 0x01, 0x1A, 0xFF, 0xFF, 
0x2F, 0x00, 0x00, 0x00, 0x00, 0x5C, 0xFF, 0xFE, 0x18, 0x00, 0x00, 0x00, 0x7F, 0xFE, 0xFF, 0x7F, 
0x00, 0x00, 0x00, 0x60, 0xFF, 0xFA, 0x5E, 0x00, 0x00, 0x00, 0x00, 0xBE, 0xFF, 0x7B, 0x00, 0x00, 
0x00, 0x00, 0x00, 0x4F, 0x6B, 0x15, 0x00, 0x00, 0x00, 0x00, 0x00, 0xD7, 0xFD, 0x38, 0x00, 0x00, 
0x00, 0x00, 0x00, 0xD7, 0xFD, 0x38, 0x00, 0x00, 0x00, 0x00, 0x00, 0x0C, 0x1B, 0x00, 0x00, 0x00, 
0x00, 0x00, 0x00, 0x00, 0x00, 0x00, 0x00, 0x03, 0x33, 0x4F, 0x45, 0x18, 0x00, 0x00, 0x00, 0x00, 
0x00, 0x00, 0x00, 0x00, 0x15, 0x8B, 0xEC, 0xD5, 0xBA, 0xCC, 0xF9, 0xB6, 0x28, 0x00, 0x00, 0x00, 
0x00, 0x00, 0x47, 0xE4, 0x8C, 0x1B, 0x00, 0x00, 0x00, 0x15, 0x92, 0xF0, 0x38, 0x00, 0x00, 0x00, 
0x4E, 0xE4, 0x35, 0x00, 0x00, 0x00, 0x00, 0x00, 0x00, 0x00, 0x71, 0xE2, 0x0B, 0x00, 0x21, 0xEA, 
0x2F, 0x00, 0x51, 0xC4, 0xE3, 0xB8, 0x8F, 0xC8, 0x3A, 0x00, 0xC8, 0x68, 0x00, 0xA8, 0x7A, 0x00, 
0x62, 0xFF, 0xEE, 0xC0, 0xF6, 0xFF, 0xFF, 0x26, 0x00, 0x70, 0xAB, 0x14, 0xF1, 0x0D, 0x10, 0xF6, 
0xD8, 0x12, 0x00, 0x42, 0xFF, 0xF9, 0x03, 0x00, 0x4E, 0xC2, 0x53, 0xBC, 0x00, 0x5B, 0xFF, 0x68, 
0x00, 0x00, 0x0D, 0xFF, 0xD3, 0x00, 0x00, 0x58, 0xB3, 0x71, 0x9D, 0x00, 0x77, 0xFF, 0x63, 0x00, 
0x00, 0x5A, 0xFF, 0xA9, 0x00, 0x00, 0x8F, 0x7C, 0x6B, 0xAB, 0x00, 0x4E, 0xFF, 0xE0, 0x5B, 0x74, 
0xF1, 0xFF, 0x80, 0x00, 0x05, 0xDD, 0x30, 0x3E, 0xE6, 0x04, 0x01, 0xB1, 0xFF, 0xFF, 0xFD, 0xDA, 
0xFF, 0x64, 0x00, 0x89, 0xAF, 0x00, 0x03, 0xDF, 0x6C, 0x00, 0x00, 0x36, 0x50, 0x22, 0x2A, 0xF2, 
0xDA, 0xCF, 0xCE, 0x16, 0x00, 0x00, 0x49, 0xF7, 0x5A, 0x00, 0x00, 0x00, 0x00, 0x00, 0x18, 0x52, 
0x3F, 0x02, 0x00, 0x00, 0x00, 0x00, 0x55, 0xF0, 0xBE, 0x6A, 0x4A, 0x56, 0x6D, 0x97, 0xDA, 0x02, 
0x00, 0x00, 0x00, 0x00, 0x00, 0x00, 0x16, 0x74, 0xB1, 0xC6, 0xBC, 0xAB, 0x8E, 0x55, 0x00, 0x00, 
0x00, 0x00, 0x00, 0x00, 0x00, 0x41, 0xE0, 0xE0, 0x7C, 0x00, 0x00, 0x00, 0x00, 0x00, 0x00, 0x00, 
0xA7, 0xFF, 0xFF, 0xE6, 0x03, 0x00, 0x00, 0x00, 0x00, 0x00, 0x10, 0xF7, 0xFF, 0xFA, 0xFF, 0x4B, 
0x00, 0x00, 0x00, 0x00, 0x00, 0x6A, 0xFF, 0xDD, 0x97, 0xFF, 0xAD, 0x00, 0x00, 0x00, 0x00, 0x00, 
0xCB, 0xFF, 0x80, 0x39, 0xFF, 0xFA, 0x14, 0x00, 0x00, 0x00, 0x2C, 0xFF, 0xFF, 0x23, 0x00, 0xDA, 
0xFF, 0x70, 0x00, 0x00, 0x00, 0x8F, 0xFF, 0xF8, 0xB4, 0xB4, 0xE2, 0xFF, 0xD1, 0x00, 0x00, 0x05, 
0xEA, 0xFF, 0xFF, 0xFF, 0xFF, 0xFF, 0xFF, 0xFF, 0x33, 0x00, 0x52, 0xFF, 0xF6, 0x3D, 0x38, 0x38, 
0x38, 0xC4, 0xFF, 0x95, 0x00, 0xB3, 0xFF, 0xA7, 0x00, 0x00, 0x00, 0x00, 0x5F, 0xFF, 0xEE, 0x08, 
0x69, 0xE0, 0xE0, 0xDB, 0xC0, 0x79, 0x0B, 0x00, 0x78, 0xFF, 0xFF, 0xFF, 0xFF, 0xFF, 0xA7, 0x00, 
0x78, 0xFF, 0xB7, 0x0E, 0x30, 0xF7, 0xF9, 0x05, 0x78, 0xFF, 0xB5, 0x06, 0x2D, 0xF9, 0xF3, 0x04, 
0x78, 0xFF, 0xFF, 0xFF, 0xFF, 0xFE, 0x61, 0x00, 0x78, 0xFF, 0xF8, 0xEA, 0xFB, 0xFF, 0xCA, 0x08, 
0x78, 0xFF, 0xB4, 0x00, 0x09, 0xBB, 0xFF, 0x58, 0x78, 0xFF, 0xB4, 0x00, 0x0F, 0xC4, 0xFF, 0x52, 
0x78, 0xFF, 0xFA, 0xEE, 0xFD, 0xFF, 0xE9, 0x13, 0x78, 0xFF, 0xFF, 0xFE, 0xED, 0xB6, 0x32, 0x00, 
0x00, 0x00, 0x00, 0x00, 0x00, 0x02, 0x00, 0x00, 0x00, 0x00, 0x00, 0x00, 0x33, 0xB1, 0xF2, 0xFD, 
0xE1, 0x8B, 0x11, 0x00, 0x00, 0x51, 0xF9, 0xFF, 0xFF, 0xFF, 0xFF, 0xFF, 0xE0, 0x1B, 0x17, 0xF3, 
0xFF, 0xCB, 0x4A, 0x28, 0x5D, 0xE7, 0x95, 0x05, 0x75, 0xFF, 0xE0, 0x0C, 0x00, 0x00, 0x00, 0x0F, 
0x00, 0x00, 0xA3, 0xFF, 0x8D, 0x00, 0x00, 0x00, 0x00, 0x00, 0x00, 0x00, 0xA7, 0xFF, 0x87, 0x00, 
0x00, 0x00, 0x00, 0x00, 0x00, 0x00, 0x7F, 0xFF, 0xD2, 0x04, 0x00, 0x00, 0x00, 0x04, 0x00, 0x00, 
0x24, 0xFB, 0xFF, 0xAE, 0x26, 0x04, 0x3C, 0xD5, 0x76, 0x00, 0x00, 0x71, 0xFF, 0xFF, 0xFF, 0xFF, 
0xFF, 0xFF, 0xF0, 0x20, 0x00, 0x00, 0x55, 0xD9, 0xFF, 0xFF, 0xFC, 0xB4, 0x27, 0x00, 0x00, 0x00, 
0x00, 0x00, 0x1B, 0x28, 0x0D, 0x00, 0x00, 0x00, 0x69, 0xE0, 0xE0, 0xDF, 0xD1, 0x9D, 0x30, 0x00, 
0x00, 0x78, 0xFF, 0xFF, 0xFF, 0xFF, 0xFF, 0xFB, 0x66, 0x00, 0x78, 0xFF, 0xB7, 0x0C, 0x2C, 0xA1, 
0xFF, 0xFD, 0x37, 0x78, 0xFF, 0xB4, 0x00, 0x00, 0x00, 0xB5, 0xFF, 0xA5, 0x78, 0xFF, 0xB4, 0x00, 
0x00, 0x00, 0x5A, 0xFF, 0xD6, 0x78, 0xFF, 0xB4, 0x00, 0x00, 0x00, 0x53, 0xFF, 0xD9, 0x78, 0xFF, 
0xB4, 0x00, 0x00, 0x00, 0xA3, 0xFF, 0xB0, 0x78, 0xFF, 0xB4, 0x00, 0x0D, 0x81, 0xFF, 0xFF, 0x4A, 
0x78, 0xFF, 0xFA, 0xEC, 0xFE, 0xFF, 0xFF, 0x88, 0x00, 0x78, 0xFF, 0xFF, 0xFF, 0xF2, 0xBE, 0x4F, 
0x00, 0x00, 0x69, 0xE0, 0xE0, 0xE0, 0xE0, 0xE0, 0xE0, 0x50, 0x78, 0xFF, 0xFF, 0xFF, 0xFF, 0xFF, 
0xFF, 0x5C, 0x78, 0xFF, 0xB7, 0x0C, 0x0C, 0x0C, 0x0C, 0x04, 0x78, 0xFF, 0xB4, 0x00, 0x00, 0x00, 
0x00, 0x00, 0x78, 0xFF, 0xF8, 0xE8, 0xE8, 0xE8, 0xD2, 0x00, 0x78, 0xFF, 0xFF, 0xFF, 0xFF, 0xFF, 
0xE8, 0x00, 0x78, 0xFF, 0xB6, 0x08, 0x08, 0x08, 0x07, 0x00, 0x78, 0xFF, 0xB4, 0x00, 0x00, 0x00, 
0x00, 0x00, 0x78, 0xFF, 0xFA, 0xEC, 0xEC, 0xEC, 0xEC, 0x54, 0x78, 0xFF, 0xFF, 0xFF, 0xFF, 0xFF, 
0xFF, 0x5C, 0x69, 0xE0, 0xE0, 0xE0, 0xE0, 0xE0, 0xE0, 0x50, 0x78, 0xFF, 0xFF, 0xFF, 0xFF, 0xFF, 
0xFF, 0x5C, 0x78, 0xFF, 0xB7, 0x0C, 0x0C, 0x0C, 0x0C, 0x04, 0x78, 0xFF, 0xB4, 0x00, 0x00, 0x00, 
0x00, 0x00, 0x78, 0xFF, 0xDA, 0x80, 0x80, 0x80, 0x74, 0x00, 0x78, 0xFF, 0xFF, 0xFF, 0xFF, 0xFF, 
0xE8, 0x00, 0x78, 0xFF, 0xD4, 0x6C, 0x6C, 0x6C, 0x61, 0x00, 0x78, 0xFF, 0xB4, 0x00, 0x00, 0x00, 
0x00, 0x00, 0x78, 0xFF, 0xB4, 0x00, 0x00, 0x00, 0x00, 0x00, 0x78, 0xFF, 0xB4, 0x00, 0x00, 0x00, 
0x00, 0x00, 0x00, 0x00, 0x00, 0x00, 0x00, 0x05, 0x00, 0x00, 0x00, 0x00, 0x00, 0x00, 0x36, 0xB5, 
0xF6, 0xFF, 0xE5, 0x8F, 0x12, 0x00, 0x00, 0x54, 0xFA, 0xFF, 0xFF, 0xFF, 0xFF, 0xFF, 0xE1, 0x1B, 
0x18, 0xF4, 0xFF, 0xCB, 0x4A, 0x28, 0x5D, 0xE7, 0x95, 0x05, 0x75, 0xFF, 0xE1, 0x0C, 0x00, 0x00, 
0x00, 0x0F, 0x00, 0x00, 0xA3, 0xFF, 0x91, 0x00, 0x00, 0x01, 0x70, 0x70, 0x70, 0x3F, 0xA7, 0xFF, 
0x8B, 0x00, 0x00, 0x04, 0xFF, 0xFF, 0xFF, 0x90, 0x7F, 0xFF, 0xD4, 0x04, 0x00, 0x00, 0x24, 0x6C, 
0xFF, 0x90, 0x24, 0xFB, 0xFF, 0xAE, 0x26, 0x07, 0x2E, 0xB9, 0xFF, 0x90, 0x00, 0x71, 0xFF, 0xFF, 
0xFF, 0xFF, 0xFF, 0xFF, 0xFA, 0x4A, 0x00, 0x00, 0x55, 0xD9, 0xFF, 0xFF, 0xFC, 0xBA, 0x33, 0x00, 
0x00, 0x00, 0x00, 0x00, 0x1B, 0x28, 0x0D, 0x00, 0x00, 0x00, 0x69, 0xE0, 0x9D, 0x00, 0x00, 0x00, 
0x00, 0xDC, 0xE0, 0x2A, 0x78, 0xFF, 0xB4, 0x00, 0x00, 0x00, 0x00, 0xFC, 0xFF, 0x30, 0x78, 0xFF, 
0xB4, 0x00, 0x00, 0x00, 0x00, 0xFC, 0xFF, 0x30, 0x78, 0xFF, 0xB4, 0x00, 0x00, 0x00, 0x00, 0xFC, 
0xFF, 0x30, 0x78, 0xFF, 0xF1, 0xD0, 0xD0, 0xD0, 0xD0, 0xFF, 0xFF, 0x30, 0x78, 0xFF, 0xFF, 0xFF, 
0xFF, 0xFF, 0xFF, 0xFF, 0xFF, 0x30, 0x78, 0xFF, 0xBC, 0x1C, 0x1C, 0x1C, 0x1C, 0xFC, 0xFF, 0x30, 
0x78, 0xFF, 0xB4, 0x00, 0x00, 0x00, 0x00, 0xFC, 0xFF, 0x30, 0x78, 0xFF, 0xB4, 0x00, 0x00, 0x00, 
0x00, 0xFC, 0xFF, 0x30, 0x78, 0xFF, 0xB4, 0x00, 0x00, 0x00, 0x00, 0xFC, 0xFF, 0x30, 0x69, 0xE0, 
0x9D, 0x78, 0xFF, 0xB4, 0x78, 0xFF, 0xB4, 0x78, 0xFF, 0xB4, 0x78, 0xFF, 0xB4, 0x78, 0xFF, 0xB4, 
0x78, 0xFF, 0xB4, 0x78, 0xFF, 0xB4, 0x78, 0xFF, 0xB4, 0x78, 0xFF, 0xB4, 0x00, 0x00, 0x00, 0x00, 
0xA8, 0xE0, 0x5E, 0x00, 0x00, 0x00, 0x00, 0xC0, 0xFF, 0x6C, 0x00, 0x00, 0x00, 0x00, 0xC0, 0xFF, 
0x6C, 0x00, 0x00, 0x00, 0x00, 0xC0, 0xFF, 0x6C, 0x00, 0x00, 0x00, 0x00, 0xC0, 0xFF, 0x6C, 0x00, 
0x00, 0x00, 0x00, 0xC0, 0xFF, 0x6B, 0x00, 0x00, 0x00, 0x00, 0xC5, 0xFF, 0x62, 0x3F, 0x64, 0x10, 
0x25, 0xF2, 0xFF, 0x40, 0xA5, 0xFF, 0xFF, 0xFF, 0xFF, 0xE6, 0x06, 0x71, 0xEC, 0xFF, 0xFF, 0xDD, 
0x39, 0x00, 0x00, 0x04, 0x26, 0x20, 0x00, 0x00, 0x00, 0x69, 0xE0, 0x9D, 0x00, 0x00, 0x02, 0xA1, 
0xE0, 0xA8, 0x04, 0x78, 0xFF, 0xB4, 0x00, 0x00, 0x9B, 0xFF, 0xD1, 0x11, 0x00, 0x78, 0xFF, 0xB4, 
0x00, 0x8B, 0xFF, 0xD9, 0x16, 0x00, 0x00, 0x78, 0xFF, 0xB4, 0x7B, 0xFF, 0xE0, 0x1D, 0x00, 0x00, 
0x00, 0x78, 0xFF, 0xEF, 0xFF, 0xFF, 0x77, 0x00, 0x00, 0x00, 0x00, 0x78, 0xFF, 0xFF, 0xF4, 0xFF, 
0xF4, 0x25, 0x00, 0x00, 0x00, 0x78, 0xFF, 0xF2, 0x35, 0xA5, 0xFF, 0xC8, 0x04, 0x00, 0x00, 0x78, 
0xFF, 0xB4, 0x00, 0x10, 0xE2, 0xFF, 0x7F, 0x00, 0x00, 0x78, 0xFF, 0xB4, 0x00, 0x00, 0x42, 0xFE, 
0xFB, 0x36, 0x00, 0x78, 0xFF, 0xB4, 0x00, 0x00, 0x00, 0x8D, 0xFF, 0xDA, 0x0B, 0x69, 0xE0, 0x9D, 
0x00, 0x00, 0x00, 0x00, 0x78, 0xFF, 0xB4, 0x00, 0x00, 0x00, 0x00, 0x78, 0xFF, 0xB4, 0x00, 0x00, 
0x00, 0x00, 0x78, 0xFF, 0xB4, 0x00, 0x00, 0x00, 0x00, 0x78, 0xFF, 0xB4, 0x00, 0x00, 0x00, 0x00, 
0x78, 0xFF, 0xB4, 0x00, 0x00, 0x00, 0x00, 0x78, 0xFF, 0xB4, 0x00, 0x00, 0x00, 0x00, 0x78, 0xFF, 
0xB4, 0x00, 0x00, 0x00, 0x00, 0x78, 0xFF, 0xFA, 0xEC, 0xEC, 0xEC, 0x81, 0x78, 0xFF, 0xFF, 0xFF, 
0xFF, 0xFF, 0x8C, 0x69, 0xE0, 0xDF, 0x34, 0x00, 0x00, 0x00, 0x00, 0x0E, 0xD0, 0xE0, 0x9D, 0x78, 
0xFF, 0xFF, 0xCA, 0x02, 0x00, 0x00, 0x00, 0x92, 0xFF, 0xFF, 0xB4, 0x78, 0xFF, 0xFF, 0xFF, 0x66, 
0x00, 0x00, 0x30, 0xFC, 0xFF, 0xFF, 0xB4, 0x78, 0xFF, 0xF6, 0xFF, 0xED, 0x13, 0x01, 0xC6, 0xFF, 
0xF6, 0xFF, 0xB4, 0x78, 0xFF, 0xB5, 0xC6, 0xFF, 0x9B, 0x64, 0xFF, 0xED, 0x8D, 0xFF, 0xB4, 0x78, 
0xFF, 0xB4, 0x2F, 0xFC, 0xFE, 0xF1, 0xFF, 0x65, 0x78, 0xFF, 0xB4, 0x78, 0xFF, 0xB4, 0x00, 0x90, 
0xFF, 0xFF, 0xC7, 0x01, 0x78, 0xFF, 0xB4, 0x78, 0xFF, 0xB4, 0x00, 0x0D, 0xE5, 0xFC, 0x2F, 0x00, 
0x78, 0xFF, 0xB4, 0x78, 0xFF, 0xB4, 0x00, 0x00, 0x57, 0x8E, 0x00, 0x00, 0x78, 0xFF, 0xB4, 0x78, 
0xFF, 0xB4, 0x00, 0x00, 0x00, 0x08, 0x00, 0x00, 0x78, 0xFF, 0xB4, 0x69, 0xE0, 0xDF, 0x39, 0x00, 
0x00, 0x00, 0x93, 0xE0, 0x73, 0x78, 0xFF, 0xFF, 0xD7, 0x07, 0x00, 0x00, 0xA8, 0xFF, 0x84, 0x78, 
0xFF, 0xFF, 0xFF, 0x87, 0x00, 0x00, 0xA8, 0xFF, 0x84, 0x78, 0xFF, 0xDF, 0xFC, 0xFB, 0x33, 0x00, 
0xA8, 0xFF, 0x84, 0x78, 0xFF, 0xB4, 0x8A, 0xFF, 0xD2, 0x05, 0xA8, 0xFF, 0x84, 0x78, 0xFF, 0xB4, 
0x08, 0xD9, 0xFF, 0x80, 0xA8, 0xFF, 0x84, 0x78, 0xFF, 0xB4, 0x00, 0x3B, 0xFD, 0xFA, 0xD2, 0xFF, 
0x84, 0x78, 0xFF, 0xB4, 0x00, 0x00, 0x91, 0xFF, 0xFF, 0xFF, 0x84, 0x78, 0xFF, 0xB4, 0x00, 0x00, 
0x0B, 0xDD, 0xFF, 0xFF, 0x84, 0x78, 0xFF, 0xB4, 0x00, 0x00, 0x00, 0x41, 0xFE, 0xFF, 0x84, 0x00, 
0x00, 0x00, 0x00, 0x00, 0x02, 0x00, 0x00, 0x00, 0x00, 0x00, 0x00, 0x00, 0x33, 0xB1, 0xF2, 0xFE, 
0xE4, 0x90, 0x13, 0x00, 0x00, 0x00, 0x51, 0xF9, 0xFF, 0xFF, 0xFF, 0xFF, 0xFF, 0xDF, 0x1B, 0x00, 
0x17, 0xF3, 0xFF, 0xCB, 0x4A, 0x2D, 0x66, 0xEB, 0xFF, 0xBB, 0x00, 0x75, 0xFF, 0xE0, 0x0C, 0x00, 
0x00, 0x00, 0x3A, 0xFE, 0xFF, 0x24, 0xA3, 0xFF, 0x8D, 0x00, 0x00, 0x00, 0x00, 0x00, 0xDA, 0xFF, 
0x53, 0xA7, 0xFF, 0x87, 0x00, 0x00, 0x00, 0x00, 0x00, 0xD3, 0xFF, 0x56, 0x7F, 0xFF, 0xD2, 0x04, 
0x00, 0x00, 0x00, 0x28, 0xFB, 0xFF, 0x2F, 0x24, 0xFB, 0xFF, 0xAE, 0x26, 0x08, 0x41, 0xD9, 0xFF, 
0xCF, 0x00, 0x00, 0x71, 0xFF, 0xFF, 0xFF, 0xFF, 0xFF, 0xFF, 0xF1, 0x2F, 0x00, 0x00, 0x00, 0x55, 
0xD9, 0xFF, 0xFF, 0xFD, 0xB8, 0x29, 0x00, 0x00, 0x00, 0x00, 0x00, 0x00, 0x1B, 0x2A, 0x0F, 0x00, 
0x00, 0x00, 0x00, 0x69, 0xE0, 0xE0, 0xDF, 0xD4, 0xA8, 0x3C, 0x00, 0x78, 0xFF, 0xFF, 0xFF, 0xFF, 
0xFF, 0xFC, 0x3E, 0x78, 0xFF, 0xB7, 0x0C, 0x1B, 0x87, 0xFF, 0xB1, 0x78, 0xFF, 0xB4, 0x00, 0x00, 
0x33, 0xFF, 0xC8, 0x78, 0xFF, 0xDA, 0x80, 0x8F, 0xDE, 0xFF, 0x8C, 0x78, 0xFF, 0xFF, 0xFF, 0xFF, 
0xFF, 0xC5, 0x0B, 0x78, 0xFF, 0xD4, 0x6B, 0x61, 0x35, 0x00, 0x00, 0x78, 0xFF, 0xB4, 0x00, 0x00, 
0x00, 0x00, 0x00, 0x78, 0xFF, 0xB4, 0x00, 0x00, 0x00, 0x00, 0x00, 0x78, 0xFF, 0xB4, 0x00, 0x00, 
0x00, 0x00, 0x00, 0x00, 0x00, 0x00, 0x00, 0x00, 0x05, 0x00, 0x00, 0x00, 0x00, 0x00, 0x00, 0x00, 
0x36, 0xB5, 0xF6, 0xFF, 0xE8, 0x94, 0x15, 0x00, 0x00, 0x00, 0x54, 0xFA, 0xFF, 0xFF, 0xFF, 0xFF, 
0xFF, 0xE1, 0x1D, 0x00, 0x18, 0xF4, 0xFF, 0xCB, 0x4A, 0x2D, 0x66, 0xEB, 0xFF, 0xBC, 0x00, 0x75, 
0xFF, 0xE1, 0x0C, 0x00, 0x00, 0x00, 0x3A, 0xFE, 0xFF, 0x24, 0xA3, 0xFF, 0x91, 0x00, 0x00, 0x00, 
0x00, 0x00, 0xDA, 0xFF, 0x53, 0xA7, 0xFF, 0x8B, 0x00, 0x00, 0x00, 0x1E, 0x32, 0xCD, 0xFF, 0x51, 
0x7F, 0xFF, 0xD4, 0x04, 0x00, 0x1F, 0xDE, 0xEF, 0xFC, 0xFF, 0x2A, 0x24, 0xFB, 0xFF, 0xAE, 0x26, 
0x21, 0xE9, 0xFF, 0xFF, 0xC6, 0x00, 0x00, 0x71, 0xFF, 0xFF, 0xFF, 0xFF, 0xFF, 0xFF, 0xFF, 0xEF, 
0x1F, 0x00, 0x00, 0x55, 0xD9, 0xFF, 0xFF, 0xFC, 0xAD, 0xD8, 0x93, 0x00, 0x00, 0x00, 0x00, 0x00, 
0x1B, 0x27, 0x09, 0x00, 0x11, 0x00, 0x00, 0x69, 0xE0, 0xE0, 0xDF, 0xD4, 0xA8, 0x3C, 0x00, 0x00, 
0x78, 0xFF, 0xFF, 0xFF, 0xFF, 0xFF, 0xFC, 0x3E, 0x00, 0x78, 0xFF, 0xB7, 0x0C, 0x1B, 0x87, 0xFF, 
0xB1, 0x00, 0x78, 0xFF, 0xB4, 0x00, 0x00, 0x33, 0xFF, 0xCD, 0x00, 0x78, 0xFF, 0xDA, 0x80, 0x8F, 
0xDE, 0xFF, 0x97, 0x00, 0x78, 0xFF, 0xFF, 0xFF, 0xFF, 0xFF, 0xC2, 0x12, 0x00, 0x78, 0xFF, 0xD4, 
0x6B, 0xB5, 0xFF, 0x71, 0x00, 0x00, 0x78, 0xFF, 0xB4, 0x00, 0x27, 0xFE, 0xE8, 0x0A, 0x00, 0x78, 
0xFF, 0xB4, 0x00, 0x00, 0xB2, 0xFF, 0x75, 0x00, 0x78, 0xFF, 0xB4, 0x00, 0x00, 0x3E, 0xFF, 0xEA, 
0x0C, 0x00, 0x00, 0x00, 0x00, 0x04, 0x00, 0x00, 0x00, 0x00, 0x00, 0x22, 0xA4, 0xED, 0xFF, 0xE7, 
0xA0, 0x2A, 0x00, 0x13, 0xE9, 0xFF, 0xF7, 0xE9, 0xFF, 0xFF, 0xE1, 0x03, 0x5F, 0xFF, 0xEC, 0x13, 
0x00, 0x1F, 0x86, 0x53, 0x00, 0x59, 0xFF, 0xF4, 0x65, 0x0F, 0x00, 0x00, 0x00, 0x00, 0x06, 0xBE, 
0xFF, 0xFF, 0xFA, 0xBA, 0x53, 0x01, 0x00, 0x00, 0x01, 0x4C, 0x9E, 0xE9, 0xFF, 0xFF, 0xA6, 0x00, 
0x00, 0x00, 0x00, 0x00, 0x03, 0x68, 0xFF, 0xFF, 0x2A, 0x00, 0x70, 0x1F, 0x00, 0x00, 0x1B, 0xFF, 
0xFF, 0x38, 0x5B, 0xFF, 0xFE, 0xD3, 0xBA, 0xEA, 0xFF, 0xE6, 0x07, 0x2C, 0xA5, 0xF1, 0xFF, 0xFF, 
0xFF, 0xBC, 0x2D, 0x00, 0x00, 0x00, 0x03, 0x1E, 0x27, 0x0B, 0x00, 0x00, 0x00, 0xC7, 0xE0, 0xE0, 
0xE0, 0xE0, 0xE0, 0xE0, 0xBD, 0xE4, 0xFF, 0xFF, 0xFF, 0xFF, 0xFF, 0xFF, 0xD8, 0x0A, 0x0C, 0x26, 
0xFF, 0xFF, 0x17, 0x0C, 0x0A, 0x00, 0x00, 0x1C, 0xFF, 0xFF, 0x0C, 0x00, 0x00, 0x00, 0x00, 0x1C, 
0xFF, 0xFF, 0x0C, 0x00, 0x00, 0x00, 0x00, 0x1C, 0xFF, 0xFF, 0x0C, 0x00, 0x00, 0x00, 0x00, 0x1C, 
0xFF, 0xFF, 0x0C, 0x00, 0x00, 0x00, 0x00, 0x1C, 0xFF, 0xFF, 0x0C, 0x00, 0x00, 0x00, 0x00, 0x1C, 
0xFF, 0xFF, 0x0C, 0x00, 0x00, 0x00, 0x00, 0x1C, 0xFF, 0xFF, 0x0C, 0x00, 0x00, 0x69, 0xE0, 0x9D, 
0x00, 0x00, 0x00, 0x00, 0xDC, 0xE0, 0x2A, 0x78, 0xFF, 0xB4, 0x00, 0x00, 0x00, 0x00, 0xFC, 0xFF, 
0x30, 0x78, 0xFF, 0xB4, 0x00, 0x00, 0x00, 0x00, 0xFC, 0xFF, 0x30, 0x78, 0xFF, 0xB4, 0x00, 0x00, 
0x00, 0x00, 0xFC, 0xFF, 0x30, 0x78, 0xFF, 0xB4, 0x00, 0x00, 0x00, 0x00, 0xFC, 0xFF, 0x30, 0x71, 
0xFF, 0xC0, 0x00, 0x00, 0x00, 0x09, 0xFF, 0xFF, 0x28, 0x54, 0xFF, 0xEC, 0x07, 0x00, 0x00, 0x3E, 
0xFF, 0xFD, 0x0D, 0x14, 0xF8, 0xFF, 0x97, 0x10, 0x25, 0xCF, 0xFF, 0xC1, 0x00, 0x00, 0x81, 0xFF, 
0xFF, 0xFF, 0xFF, 0xFF, 0xFB, 0x3A, 0x00, 0x00, 0x01, 0x7A, 0xF1, 0xFF, 0xFF, 0xD9, 0x44, 0x00, 
0x00, 0x00, 0x00, 0x00, 0x06, 0x27, 0x1F, 0x00, 0x00, 0x00, 0x00, 0xA2, 0xE0, 0x8C, 0x00, 0x00, 
0x00, 0x00, 0x4E, 0xE0, 0xD5, 0x08, 0x5E, 0xFF, 0xF0, 0x08, 0x00, 0x00, 0x00, 0xB2, 0xFF, 0xA1, 
0x00, 0x0A, 0xF1, 0xFF, 0x58, 0x00, 0x00, 0x15, 0xFB, 0xFF, 0x3F, 0x00, 0x00, 0x9B, 0xFF, 0xB6, 
0x00, 0x00, 0x6F, 0xFF, 0xDD, 0x01, 0x00, 0x00, 0x39, 0xFF, 0xFC, 0x18, 0x00, 0xCE, 0xFF, 0x7C, 
0x00, 0x00, 0x00, 0x00, 0xD7, 0xFF, 0x73, 0x2C, 0xFF, 0xFD, 0x1D, 0x00, 0x00, 0x00, 0x00, 0x76, 
0xFF, 0xD2, 0x8B, 0xFF, 0xB9, 0x00, 0x00, 0x00, 0x00, 0x00, 0x18, 0xFB, 0xFF, 0xF3, 0xFF, 0x57, 
0x00, 0x00, 0x00, 0x00, 0x00, 0x00, 0xB3, 0xFF, 0xFF, 0xEE, 0x07, 0x00, 0x00, 0x00, 0x00, 0x00, 
0x00, 0x51, 0xFF, 0xFF, 0x94, 0x00, 0x00, 0x00, 0x00, 0xA6, 0xE0, 0x88, 0x00, 0x00, 0x00, 0x9B, 
0xE0, 0x8C, 0x00, 0x00, 0x00, 0x9A, 0xE0, 0x97, 0x6C, 0xFF, 0xE6, 0x01, 0x00, 0x00, 0xE7, 0xFF, 
0xD6, 0x00, 0x00, 0x08, 0xF3, 0xFF, 0x5A, 0x17, 0xFC, 0xFF, 0x3A, 0x00, 0x21, 0xFF, 0xFF, 0xFE, 
0x11, 0x00, 0x4D, 0xFF, 0xF6, 0x0C, 0x00, 0xBC, 0xFF, 0x8C, 0x00, 0x5A, 0xFF, 0xFF, 0xFF, 0x49, 
0x00, 0x9E, 0xFF, 0xA9, 0x00, 0x00, 0x64, 0xFF, 0xDD, 0x00, 0x94, 0xFF, 0xE4, 0xFF, 0x83, 0x03, 
0xEB, 0xFF, 0x51, 0x00, 0x00, 0x11, 0xFA, 0xFF, 0x2F, 0xCD, 0xFF, 0x6A, 0xFF, 0xBC, 0x41, 0xFF, 
0xF1, 0x07, 0x00, 0x00, 0x00, 0xB4, 0xFF, 0x8C, 0xFB, 0xEA, 0x08, 0xF6, 0xF3, 0x95, 0xFF, 0xA0, 
0x00, 0x00, 0x00, 0x00, 0x5C, 0xFF, 0xF7, 0xFF, 0xAA, 0x00, 0xBD, 0xFF, 0xF7, 0xFF, 0x48, 0x00, 
0x00, 0x00, 0x00, 0x0D, 0xF6, 0xFF, 0xFF, 0x69, 0x00, 0x7D, 0xFF, 0xFF, 0xEB, 0x04, 0x00, 0x00, 
0x00, 0x00, 0x00, 0xAC, 0xFF, 0xFF, 0x28, 0x00, 0x3C, 0xFF, 0xFF, 0x98, 0x00, 0x00, 0x00, 0x7E, 
0xE0, 0xD5, 0x18, 0x00, 0x00, 0x00, 0x7F, 0xE0, 0xD2, 0x18, 0x0A, 0xD5, 0xFF, 0xB3, 0x00, 0x00, 
0x3A, 0xFD, 0xFF, 0x5A, 0x00, 0x00, 0x2B, 0xF6, 0xFF, 0x63, 0x0C, 0xDC, 0xFF, 0x9D, 0x00, 0x00, 
0x00, 0x00, 0x64, 0xFF, 0xF2, 0xAE, 0xFF, 0xD5, 0x0A, 0x00, 0x00, 0x00, 0x00, 0x00, 0xA6, 0xFF, 
0xFF, 0xF6, 0x2B, 0x00, 0x00, 0x00, 0x00, 0x00, 0x00, 0x8A, 0xFF, 0xFF, 0xEB, 0x1A, 0x00, 0x00, 
0x00, 0x00, 0x00, 0x49, 0xFE, 0xF9, 0xC4, 0xFF, 0xC0, 0x03, 0x00, 0x00, 0x00, 0x1B, 0xEB, 0xFF, 
0x79, 0x15, 0xE9, 0xFF, 0x82, 0x00, 0x00, 0x03, 0xC2, 0xFF, 0xC7, 0x03, 0x00, 0x4E, 0xFF, 0xFD, 
0x43, 0x00, 0x85, 0xFF, 0xF5, 0x25, 0x00, 0x00, 0x00, 0x9D, 0xFF, 0xE8, 0x18, 0x8E, 0xE0, 0xAE, 
0x00, 0x00, 0x00, 0x00, 0x54, 0xE0, 0xD5, 0x13, 0x1F, 0xF6, 0xFF, 0x4E, 0x00, 0x00, 0x09, 0xE1, 
0xFF, 0x7B, 0x00, 0x00, 0x7E, 0xFF, 0xDA, 0x05, 0x00, 0x7D, 0xFF, 0xDB, 0x07, 0x00, 0x00, 0x08, 
0xDF, 0xFF, 0x71, 0x1A, 0xF4, 0xFF, 0x4B, 0x00, 0x00, 0x00, 0x00, 0x51, 0xFF, 0xEF, 0xB0, 0xFF, 
0xB3, 0x00, 0x00, 0x00, 0x00, 0x00, 0x00, 0xBA, 0xFF, 0xFF, 0xF8, 0x23, 0x00, 0x00, 0x00, 0x00, 
0x00, 0x00, 0x28, 0xFB, 0xFF, 0x84, 0x00, 0x00, 0x00, 0x00, 0x00, 0x00, 0x00, 0x00, 0xE4, 0xFF, 
0x44, 0x00, 0x00, 0x00, 0x00, 0x00, 0x00, 0x00, 0x00, 0xE4, 0xFF, 0x44, 0x00, 0x00, 0x00, 0x00, 
0x00, 0x00, 0x00, 0x00, 0xE4, 0xFF, 0x44, 0x00, 0x00, 0x00, 0x00, 0x2A, 0xE0, 0xE0, 0xE0, 0xE0, 
0xE0, 0xE0, 0xE0, 0xE0, 0x03, 0x30, 0xFF, 0xFF, 0xFF, 0xFF, 0xFF, 0xFF, 0xFF, 0xE7, 0x01, 0x02, 
0x0C, 0x0C, 0x0C, 0x0C, 0xA8, 0xFF, 0xFA, 0x3B, 0x00, 0x00, 0x00, 0x00, 0x00, 0x6A, 0xFF, 0xFF, 
0x6C, 0x00, 0x00, 0x00, 0x00, 0x00, 0x39, 0xF9, 0xFF, 0xA2, 0x00, 0x00, 0x00, 0x00, 0x00, 0x17, 
0xE5, 0xFF, 0xCF, 0x09, 0x00, 0x00, 0x00, 0x00, 0x04, 0xC2, 0xFF, 0xED, 0x21, 0x00, 0x00, 0x00, 
0x00, 0x00, 0x92, 0xFF, 0xFD, 0x47, 0x00, 0x00, 0x00, 0x00, 0x00, 0x4E, 0xFF, 0xFF, 0xFC, 0xEC, 
0xEC, 0xEC, 0xEC, 0xEC, 0x49, 0x78, 0xFF, 0xFF, 0xFF, 0xFF, 0xFF, 0xFF, 0xFF, 0xFF, 0x50, 0x4C, 
0xA4, 0xA4, 0xA4, 0x6E, 0x78, 0xFF, 0xE3, 0xA0, 0x6B, 0x78, 0xFF, 0xB4, 0x00, 0x00, 0x78, 0xFF, 
0xB4, 0x00, 0x00, 0x78, 0xFF, 0xB4, 0x00, 0x00, 0x78, 0xFF, 0xB4, 0x00, 0x00, 0x78, 0xFF, 0xB4, 
0x00, 0x00, 0x78, 0xFF, 0xB4, 0x00, 0x00, 0x78, 0xFF, 0xB4, 0x00, 0x00, 0x78, 0xFF, 0xB4, 0x00, 
0x00, 0x78, 0xFF, 0xB4, 0x00, 0x00, 0x78, 0xFF, 0xB4, 0x00, 0x00, 0x78, 0xFF, 0xB4, 0x00, 0x00, 
0x78, 0xFF, 0xD2, 0x68, 0x45, 0x67, 0xDC, 0xDC, 0xDC, 0x93, 0x37, 0xA4, 0x74, 0x00, 0x00, 0x00, 
0x00, 0x0D, 0xF3, 0xF7, 0x13, 0x00, 0x00, 0x00, 0x00, 0x97, 0xFF, 0x74, 0x00, 0x00, 0x00, 0x00, 
0x2E, 0xFF, 0xDB, 0x01, 0x00, 0x00, 0x00, 0x00, 0xC4, 0xFF, 0x45, 0x00, 0x00, 0x00, 0x00, 0x5B, 
0xFF, 0xAE, 0x00, 0x00, 0x00, 0x00, 0x07, 0xEB, 0xFC, 0x1B, 0x00, 0x00, 0x00, 0x00, 0x89, 0xFF, 
0x80, 0x00, 0x00, 0x00, 0x00, 0x21, 0xFD, 0xE5, 0x04, 0x00, 0x00, 0x00, 0x00, 0xB6, 0xFF, 0x52, 
0x00, 0x00, 0x00, 0x00, 0x4D, 0xFF, 0xBB, 0x4C, 0xA4, 0xA4, 0xA4, 0x6E, 0x4B, 0xA0, 0xCE, 0xFF, 
0xAC, 0x00, 0x00, 0x7C, 0xFF, 0xAC, 0x00, 0x00, 0x7C, 0xFF, 0xAC, 0x00, 0x00, 0x7C, 0xFF, 0xAC, 
0x00, 0x00, 0x7C, 0xFF, 0xAC, 0x00, 0x00, 0x7C, 0xFF, 0xAC, 0x00, 0x00, 0x7C, 0xFF, 0xAC, 0x00, 
0x00, 0x7C, 0xFF, 0xAC, 0x00, 0x00, 0x7C, 0xFF, 0xAC, 0x00, 0x00, 0x7C, 0xFF, 0xAC, 0x00, 0x00, 
0x7C, 0xFF, 0xAC, 0x00, 0x00, 0x7C, 0xFF, 0xAC, 0x30, 0x68, 0xB1, 0xFF, 0xAC, 0x67, 0xDC, 0xDC, 
0xDC, 0x93, 0x00, 0x1B, 0xDB, 0x8D, 0x00, 0x00, 0x9E, 0xB8, 0xF4, 0x29, 0x2D, 0xF4, 0x1D, 0x8D, 
0xB2, 0x05, 0x09, 0x00, 0x03, 0x0B, 0x78, 0xFF, 0xFF, 0xFF, 0xFF, 0xFF, 0xFF, 0xFF, 0xFF, 0xFF, 
0xFF, 0xFF, 0xFF, 0x88, 0x52, 0xB0, 0xB0, 0xB0, 0xB0, 0xB0, 0xB0, 0xB0, 0xB0, 0xB0, 0xB0, 0xB0, 
0xB0, 0x5D, 0x32, 0xA4, 0x52, 0x00, 0x05, 0xDE, 0xC3, 0x00, 0x00, 0x60, 0xFD, 0x16, 0x00, 0x03, 
0x3C, 0x10, 0x00, 0x38, 0xA2, 0xDC, 0xE9, 0xAB, 0x18, 0x00, 0x00, 0xB8, 0xFF, 0xF9, 0xFC, 0xFF, 
0xB1, 0x00, 0x00, 0x2B, 0x39, 0x03, 0x24, 0xFF, 0xF6, 0x01, 0x00, 0x48, 0xA5, 0xC2, 0xC4, 0xFD, 
0xFF, 0x0F, 0x63, 0xFF, 0xDB, 0x9A, 0x98, 0xFD, 0xFF, 0x10, 0xCB, 0xFF, 0x3A, 0x00, 0x2E, 0xFF, 
0xFF, 0x10, 0xC9, 0xFF, 0xA8, 0x67, 0xDC, 0xFF, 0xFF, 0x10, 0x3E, 0xE8, 0xFF, 0xFA, 0x83, 0xF8, 
0xFF, 0x10, 0x00, 0x06, 0x27, 0x0F, 0x00, 0x00, 0x00, 0x00, 0x43, 0x90, 0x53, 0x00, 0x00, 0x00, 
0x00, 0x00, 0x00, 0x78, 0xFF, 0x94, 0x00, 0x00, 0x00, 0x00, 0x00, 0x00, 0x78, 0xFF, 0x94, 0x00, 
0x00, 0x00, 0x00, 0x00, 0x00, 0x78, 0xFF, 0xAE, 0xA8, 0xE5, 0xE0, 0x90, 0x0C, 0x00, 0x78, 0xFF, 
0xFF, 0xFF, 0xED, 0xFE, 0xFF, 0xC1, 0x02, 0x78, 0xFF, 0xFA, 0x43, 0x00, 0x29, 0xE8, 0xFF, 0x4C, 
0x78, 0xFF, 0xAE, 0x00, 0x00, 0x00, 0x80, 0xFF, 0x86, 0x78, 0xFF, 0xA3, 0x00, 0x00, 0x00, 0x74, 
0xFF, 0x8B, 0x78, 0xFF, 0xED, 0x1A, 0x00, 0x0A, 0xD0, 0xFF, 0x5E, 0x78, 0xFF, 0xFF, 0xEC, 0xB0, 
0xE1, 0xFF, 0xDF, 0x0A, 0x78, 0xFF, 0xC6, 0xE0, 0xFF, 0xFF, 0xCB, 0x26, 0x00, 0x00, 0x00, 0x00, 
0x01, 0x21, 0x1C, 0x00, 0x00, 0x00, 0x00, 0x0A, 0x87, 0xDA, 0xEB, 0xC0, 0x4A, 0x00, 0x05, 0xC4, 
0xFF, 0xFD, 0xF0, 0xFF, 0xFF, 0x63, 0x60, 0xFF, 0xD8, 0x1D, 0x00, 0x5C, 0x8C, 0x14, 0xA1, 0xFF, 
0x63, 0x00, 0x00, 0x00, 0x00, 0x00, 0xA7, 0xFF, 0x58, 0x00, 0x00, 0x00, 0x00, 0x00, 0x75, 0xFF, 
0xBA, 0x04, 0x00, 0x2F, 0x54, 0x01, 0x11, 0xE4, 0xFF, 0xD9, 0xB5, 0xF3, 0xFF, 0x73, 0x00, 0x26, 
0xC4, 0xFF, 0xFF, 0xF4, 0x87, 0x04, 0x00, 0x00, 0x00, 0x18, 0x28, 0x09, 0x00, 0x00, 0x00, 0x00, 
0x00, 0x00, 0x00, 0x00, 0x60, 0x90, 0x36, 0x00, 0x00, 0x00, 0x00, 0x00, 0x00, 0xAC, 0xFF, 0x60, 
0x00, 0x00, 0x00, 0x00, 0x00, 0x00, 0xAC, 0xFF, 0x60, 0x00, 0x15, 0x9C, 0xE4, 0xE1, 0x9D, 0xBE, 
0xFF, 0x60, 0x0A, 0xD6, 0xFF, 0xFD, 0xEE, 0xFF, 0xFF, 0xFF, 0x60, 0x69, 0xFF, 0xD9, 0x1D, 0x00, 
0x59, 0xFF, 0xFF, 0x60, 0xA3, 0xFF, 0x66, 0x00, 0x00, 0x00, 0xC8, 0xFF, 0x60, 0xA8, 0xFF, 0x5B, 
0x00, 0x00, 0x00, 0xBC, 0xFF, 0x60, 0x7B, 0xFF, 0xBD, 0x05, 0x00, 0x2D, 0xF8, 0xFF, 0x60, 0x18, 
0xEE, 0xFF, 0xDC, 0xB6, 0xF4, 0xFF, 0xFF, 0x60, 0x00, 0x36, 0xD7, 0xFF, 0xFF, 0xD6, 0xD0, 0xFF, 
0x60, 0x00, 0x00, 0x00, 0x20, 0x1E, 0x00, 0x00, 0x00, 0x00, 0x00, 0x09, 0x85, 0xD9, 0xED, 0xC1, 
0x3F, 0x00, 0x04, 0xC1, 0xFF, 0xFB, 0xEA, 0xFF, 0xFB, 0x3C, 0x5F, 0xFF, 0xE1, 0x1D, 0x00, 0x5F, 
0xFF, 0xB7, 0xA1, 0xFF, 0xF4, 0xE8, 0xE8, 0xEA, 0xFF, 0xE9, 0xA7, 0xFF, 0xCE, 0xAC, 0xAC, 0xAC, 
0xAC, 0xA1, 0x75, 0xFF, 0xB9, 0x03, 0x00, 0x2F, 0x54, 0x01, 0x11, 0xE4, 0xFF, 0xD9, 0xB8, 0xF3, 
0xFF, 0x73, 0x00, 0x26, 0xC4, 0xFF, 0xFF, 0xF4, 0x87, 0x04, 0x00, 0x00, 0x00, 0x18, 0x28, 0x09, 
0x00, 0x00, 0x00, 0x00, 0x00, 0x1F, 0x17, 0x00, 0x00, 0x00, 0x0B, 0xBD, 0xFF, 0xFF, 0xBA, 0x25, 
0x00, 0x69, 0xFF, 0xE4, 0xBC, 0xFD, 0x4A, 0x00, 0x9E, 0xFF, 0x57, 0x00, 0x2B, 0x00, 0xB2, 0xED, 
0xFF, 0xD7, 0xC8, 0x57, 0x00, 0xE4, 0xFF, 0xFF, 0xFF, 0xFF, 0x70, 0x00, 0x15, 0xBB, 0xFF, 0x5C, 
0x18, 0x0A, 0x00, 0x00, 0xB4, 0xFF, 0x4C, 0x00, 0x00, 0x00, 0x00, 0xB4, 0xFF, 0x4C, 0x00, 0x00, 
0x00, 0x00, 0xB4, 0xFF, 0x4C, 0x00, 0x00, 0x00, 0x00, 0xB4, 0xFF, 0x4C, 0x00, 0x00, 0x00, 0x00, 
0xB4, 0xFF, 0x4C, 0x00, 0x00, 0x00, 0x00, 0x00, 0x2B, 0xB2, 0xE5, 0xE0, 0xA5, 0x76, 0xDD, 0x1E, 
0x00, 0x04, 0xE4, 0xFF, 0xBA, 0xC6, 0xFF, 0xFF, 0xB9, 0x14, 0x00, 0x28, 0xFF, 0xDE, 0x00, 0x04, 
0xFA, 0xFF, 0x0A, 0x00, 0x00, 0x12, 0xFA, 0xFA, 0x75, 0x8D, 0xFF, 0xE1, 0x00, 0x00, 0x00, 0x00, 
0x83, 0xFF, 0xFF, 0xFF, 0xE6, 0x44, 0x00, 0x00, 0x00, 0x0A, 0xF3, 0xAE, 0x33, 0x27, 0x05, 0x00, 
0x00, 0x00, 0x00, 0x06, 0xEB, 0xFF, 0xFF, 0xFA, 0xDC, 0x8B, 0x0F, 0x00, 0x00, 0x95, 0xFF, 0xEC, 
0xCD, 0xCF, 0xF1, 0xFF, 0xB0, 0x00, 0x10, 0xFF, 0xF8, 0x0A, 0x00, 0x00, 0x24, 0xFF, 0xF1, 0x00, 
0x00, 0xE7, 0xFF, 0x98, 0x61, 0x64, 0xAE, 0xFF, 0xC6, 0x00, 0x00, 0x3A, 0xD4, 0xFF, 0xFF, 0xFF, 
0xFF, 0xC8, 0x26, 0x00, 0x00, 0x00, 0x00, 0x1E, 0x36, 0x33, 0x18, 0x00, 0x00, 0x00, 0x43, 0x90, 
0x53, 0x00, 0x00, 0x00, 0x00, 0x00, 0x78, 0xFF, 0x94, 0x00, 0x00, 0x00, 0x00, 0x00, 0x78, 0xFF, 
0x94, 0x00, 0x00, 0x00, 0x00, 0x00, 0x78, 0xFF, 0x94, 0x6E, 0xDC, 0xDF, 0x7E, 0x01, 0x78, 0xFF, 
0xF3, 0xFF, 0xF6, 0xFF, 0xFF, 0x6A, 0x78, 0xFF, 0xDD, 0x24, 0x01, 0x97, 0xFF, 0xB9, 0x78, 0xFF, 
0x94, 0x00, 0x00, 0x48, 0xFF, 0xCC, 0x78, 0xFF, 0x94, 0x00, 0x00, 0x40, 0xFF, 0xCC, 0x78, 0xFF, 
0x94, 0x00, 0x00, 0x40, 0xFF, 0xCC, 0x78, 0xFF, 0x94, 0x00, 0x00, 0x40, 0xFF, 0xCC, 0x78, 0xFF, 
0x94, 0x00, 0x00, 0x40, 0xFF, 0xCC, 0x1B, 0x96, 0x3A, 0x6C, 0xFF, 0xAC, 0x12, 0x7E, 0x2C, 0x4E, 
0xC8, 0x80, 0x64, 0xFF, 0xA4, 0x64, 0xFF, 0xA4, 0x64, 0xFF, 0xA4, 0x64, 0xFF, 0xA4, 0x64, 0xFF, 
0xA4, 0x64, 0xFF, 0xA4, 0x64, 0xFF, 0xA4, 0x00, 0x00, 0x00, 0x4C, 0x96, 0x11, 0x00, 0x00, 0x00, 
0xC8, 0xFF, 0x54, 0x00, 0x00, 0x00, 0x3A, 0x7A, 0x09, 0x00, 0x00, 0x00, 0x89, 0xC8, 0x3B, 0x00, 
0x00, 0x00, 0xB0, 0xFF, 0x4C, 0x00, 0x00, 0x00, 0xB0, 0xFF, 0x4C, 0x00, 0x00, 0x00, 0xB0, 0xFF, 
0x4C, 0x00, 0x00, 0x00, 0xB0, 0xFF, 0x4C, 0x00, 0x00, 0x00, 0xB0, 0xFF, 0x4C, 0x00, 0x00, 0x00, 
0xB0, 0xFF, 0x4C, 0x00, 0x00, 0x00, 0xB3, 0xFF, 0x44, 0x00, 0x00, 0x01, 0xDB, 0xFF, 0x2F, 0x6D, 
0xB6, 0xBA, 0xFF, 0xE9, 0x03, 0x7E, 0xFF, 0xFF, 0xFA, 0x5F, 0x00, 0x00, 0x20, 0x32, 0x11, 0x00, 
0x00, 0x43, 0x90, 0x53, 0x00, 0x00, 0x00, 0x00, 0x00, 0x78, 0xFF, 0x94, 0x00, 0x00, 0x00, 0x00, 
0x00, 0x78, 0xFF, 0x94, 0x00, 0x00, 0x00, 0x00, 0x00, 0x78, 0xFF, 0x94, 0x00, 0x06, 0xAC, 0xC8, 
0x5D, 0x78, 0xFF, 0x94, 0x00, 0x98, 0xFF, 0xB6, 0x03, 0x78, 0xFF, 0x94, 0x5F, 0xFF, 0xD5, 0x0E, 
0x00, 0x78, 0xFF, 0xC1, 0xF6, 0xF8, 0x22, 0x00, 0x00, 0x78, 0xFF, 0xFF, 0xFF, 0xFF, 0x65, 0x00, 
0x00, 0x78, 0xFF, 0xFF, 0x78, 0xEC, 0xF6, 0x2C, 0x00, 0x78, 0xFF, 0xA9, 0x00, 0x54, 0xFF, 0xD5, 
0x0A, 0x78, 0xFF, 0x94, 0x00, 0x00, 0xA1, 0xFF, 0x9D, 0x43, 0x90, 0x53, 0x78, 0xFF, 0x94, 0x78, 
0xFF, 0x94, 0x78, 0xFF, 0x94, 0x78, 0xFF, 0x94, 0x78, 0xFF, 0x94, 0x78, 0xFF, 0x94, 0x78, 0xFF, 
0x94, 0x78, 0xFF, 0x94, 0x78, 0xFF, 0x94, 0x78, 0xFF, 0x94, 0x5D, 0xC8, 0x86, 0xAF, 0xEC, 0xC1, 
0x2C, 0x4E, 0xD1, 0xE5, 0x95, 0x0A, 0x78, 0xFF, 0xFF, 0xFB, 0xFE, 0xFF, 0xF0, 0xFE, 0xF9, 0xFF, 
0xFF, 0x92, 0x78, 0xFF, 0xCC, 0x0C, 0x27, 0xF9, 0xFF, 0x81, 0x02, 0x74, 0xFF, 0xE1, 0x78, 0xFF, 
0x94, 0x00, 0x00, 0xD0, 0xFF, 0x44, 0x00, 0x24, 0xFF, 0xF4, 0x78, 0xFF, 0x94, 0x00, 0x00, 0xC8, 
0xFF, 0x44, 0x00, 0x1C, 0xFF, 0xF4, 0x78, 0xFF, 0x94, 0x00, 0x00, 0xC8, 0xFF, 0x44, 0x00, 0x1C, 
0xFF, 0xF4, 0x78, 0xFF, 0x94, 0x00, 0x00, 0xC8, 0xFF, 0x44, 0x00, 0x1C, 0xFF, 0xF4, 0x78, 0xFF, 
0x94, 0x00, 0x00, 0xC8, 0xFF, 0x44, 0x00, 0x1C, 0xFF, 0xF4, 0x5D, 0xC8, 0x74, 0x6E, 0xDC, 0xDF, 
0x7B, 0x01, 0x78, 0xFF, 0xF3, 0xFF, 0xF6, 0xFF, 0xFF, 0x68, 0x78, 0xFF, 0xDD, 0x24, 0x01, 0x97, 
0xFF, 0xB8, 0x78, 0xFF, 0x94, 0x00, 0x00, 0x48, 0xFF, 0xCC, 0x78, 0xFF, 0x94, 0x00, 0x00, 0x40, 
0xFF, 0xCC, 0x78, 0xFF, 0x94, 0x00, 0x00, 0x40, 0xFF, 0xCC, 0x78, 0xFF, 0x94, 0x00, 0x00, 0x40, 
0xFF, 0xCC, 0x78, 0xFF, 0x94, 0x00, 0x00, 0x40, 0xFF, 0xCC, 0x00, 0x0A, 0x87, 0xDA, 0xEC, 0xC5, 
0x4E, 0x00, 0x00, 0x05, 0xC4, 0xFF, 0xFD, 0xEE, 0xFF, 0xFF, 0x66, 0x00, 0x60, 0xFF, 0xD8, 0x1D, 
0x00, 0x59, 0xFF, 0xF2, 0x0C, 0xA1, 0xFF, 0x63, 0x00, 0x00, 0x00, 0xC8, 0xFF, 0x40, 0xA7, 0xFF, 
0x58, 0x00, 0x00, 0x00, 0xBC, 0xFF, 0x46, 0x75, 0xFF, 0xBA, 0x04, 0x00, 0x2A, 0xF8, 0xFC, 0x17, 
0x11, 0xE4, 0xFF, 0xD9, 0xB2, 0xF2, 0xFF, 0x93, 0x00, 0x00, 0x26, 0xC4, 0xFF, 0xFF, 0xF7, 0x8B, 
0x04, 0x00, 0x00, 0x00, 0x00, 0x18, 0x29, 0x0A, 0x00, 0x00, 0x00, 0x5D, 0xC8, 0x8D, 0xA8, 0xE5, 
0xE0, 0x91, 0x0D, 0x00, 0x78, 0xFF, 0xFF, 0xFF, 0xED, 0xFE, 0xFF, 0xC4, 0x03, 0x78, 0xFF, 0xFA, 
0x43, 0x00, 0x29, 0xE8, 0xFF, 0x50, 0x78, 0xFF, 0xAE, 0x00, 0x00, 0x00, 0x80, 0xFF, 0x8A, 0x78, 
0xFF, 0xA3, 0x00, 0x00, 0x00, 0x74, 0xFF, 0x8F, 0x78, 0xFF, 0xEE, 0x1C, 0x00, 0x0B, 0xD2, 0xFF, 
0x62, 0x78, 0xFF, 0xFF, 0xEE, 0xB4, 0xE4, 0xFF, 0xE2, 0x0B, 0x78, 0xFF, 0xC6, 0xE0, 0xFF, 0xFF, 
0xCC, 0x28, 0x00, 0x78, 0xFF, 0x94, 0x01, 0x21, 0x1C, 0x00, 0x00, 0x00, 0x78, 0xFF, 0x94, 0x00, 
0x00, 0x00, 0x00, 0x00, 0x00, 0x5F, 0xCC, 0x75, 0x00, 0x00, 0x00, 0x00, 0x00, 0x00, 0x00, 0x15, 
0x9C, 0xE4, 0xE1, 0x9D, 0x98, 0xC8, 0x4B, 0x0A, 0xD6, 0xFF, 0xFD, 0xEE, 0xFF, 0xFF, 0xFF, 0x60, 
0x69, 0xFF, 0xD9, 0x1D, 0x00, 0x59, 0xFF, 0xFF, 0x60, 0xA3, 0xFF, 0x66, 0x00, 0x00, 0x00, 0xC8, 
0xFF, 0x60, 0xA8, 0xFF, 0x5B, 0x00, 0x00, 0x00, 0xBC, 0xFF, 0x60, 0x7B, 0xFF, 0xBD, 0x05, 0x00, 
0x2D, 0xF8, 0xFF, 0x60, 0x18, 0xEE, 0xFF, 0xDC, 0xB6, 0xF4, 0xFF, 0xFF, 0x60, 0x00, 0x36, 0xD7, 
0xFF, 0xFF, 0xD6, 0xD0, 0xFF, 0x60, 0x00, 0x00, 0x00, 0x20, 0x1E, 0x00, 0xAC, 0xFF, 0x60, 0x00, 
0x00, 0x00, 0x00, 0x00, 0x00, 0xAC, 0xFF, 0x60, 0x00, 0x00, 0x00, 0x00, 0x00, 0x00, 0x63, 0x94, 
0x37, 0x5D, 0xC8, 0x75, 0x7B, 0xDE, 0x16, 0x78, 0xFF, 0xF2, 0xFF, 0xFF, 0x18, 0x78, 0xFF, 0xFF, 
0x95, 0x2C, 0x02, 0x78, 0xFF, 0xCC, 0x00, 0x00, 0x00, 0x78, 0xFF, 0x97, 0x00, 0x00, 0x00, 0x78, 
0xFF, 0x94, 0x00, 0x00, 0x00, 0x78, 0xFF, 0x94, 0x00, 0x00, 0x00, 0x78, 0xFF, 0x94, 0x00, 0x00, 
0x00, 0x00, 0x52, 0xC9, 0xEA, 0xCA, 0x7E, 0x0A, 0x39, 0xFD, 0xFC, 0xE0, 0xFC, 0xF3, 0x15, 0x74, 
0xFF, 0xA7, 0x04, 0x0D, 0x3B, 0x00, 0x30, 0xF3, 0xFF, 0xE9, 0x90, 0x26, 0x00, 0x00, 0x20, 0x93, 
0xE9, 0xFF, 0xF6, 0x34, 0x00, 0x17, 0x00, 0x04, 0x93, 0xFF, 0x93, 0x46, 0xFA, 0xC0, 0x9E, 0xDE, 
0xFF, 0x74, 0x51, 0xDA, 0xFF, 0xFF, 0xFE, 0xAD, 0x09, 0x00, 0x00, 0x0F, 0x28, 0x0F, 0x00, 0x00, 
0x00, 0x99, 0xE4, 0x43, 0x00, 0x00, 0x00, 0xAC, 0xFF, 0x4C, 0x00, 0x00, 0xBB, 0xED, 0xFF, 0xD8, 
0xC8, 0x3E, 0xF0, 0xFF, 0xFF, 0xFF, 0xFF, 0x50, 0x16, 0xB3, 0xFF, 0x5C, 0x18, 0x07, 0x00, 0xAC, 
0xFF, 0x4C, 0x00, 0x00, 0x00, 0xA9, 0xFF, 0x4C, 0x00, 0x00, 0x00, 0x9B, 0xFF, 0x5E, 0x00, 0x00, 
0x00, 0x63, 0xFF, 0xE5, 0xB4, 0x8F, 0x00, 0x09, 0xBC, 0xFF, 0xFF, 0xBA, 0x00, 0x00, 0x00, 0x18, 
0x19, 0x00, 0x5D, 0xC8, 0x73, 0x00, 0x00, 0x32, 0xC8, 0x9F, 0x78, 0xFF, 0x94, 0x00, 0x00, 0x40, 
0xFF, 0xCC, 0x78, 0xFF, 0x94, 0x00, 0x00, 0x40, 0xFF, 0xCC, 0x78, 0xFF, 0x94, 0x00, 0x00, 0x40, 
0xFF, 0xCC, 0x78, 0xFF, 0x97, 0x00, 0x00, 0x40, 0xFF, 0xCC, 0x6E, 0xFF, 0xC6, 0x00, 0x00, 0x75, 
0xFF, 0xCC, 0x35, 0xFF, 0xFF, 0xCD, 0xC8, 0xFE, 0xFF, 0xCC, 0x00, 0x77, 0xFB, 0xFF, 0xDE, 0x7D, 
0xFF, 0xCC, 0x00, 0x00, 0x0E, 0x25, 0x01, 0x00, 0x00, 0x00, 0x97, 0xC8, 0x39, 0x00, 0x00, 0xA0, 
0xC8, 0x30, 0x76, 0xFF, 0x95, 0x00, 0x1A, 0xFE, 0xED, 0x04, 0x21, 0xFF, 0xE8, 0x02, 0x6E, 0xFF, 
0x9C, 0x00, 0x00, 0xCB, 0xFF, 0x41, 0xC3, 0xFF, 0x46, 0x00, 0x00, 0x75, 0xFF, 0xB1, 0xFE, 0xEB, 
0x04, 0x00, 0x00, 0x1F, 0xFF, 0xFF, 0xFF, 0x9A, 0x00, 0x00, 0x00, 0x00, 0xC9, 0xFF, 0xFF, 0x44, 
0x00, 0x00, 0x00, 0x00, 0x73, 0xFF, 0xEB, 0x03, 0x00, 0x00, 0x97, 0xC8, 0x39, 0x00, 0x52, 0xC8, 
0x74, 0x00, 0x14, 0xC7, 0xB8, 0x01, 0x76, 0xFF, 0x94, 0x00, 0x9C, 0xFF, 0xC7, 0x00, 0x67, 0xFF, 
0xA1, 0x00, 0x21, 0xFF, 0xE7, 0x02, 0xD5, 0xFF, 0xF9, 0x07, 0xBD, 0xFF, 0x4C, 0x00, 0x00, 0xCB, 
0xFF, 0x4E, 0xFD, 0xFF, 0xFF, 0x4E, 0xFC, 0xEF, 0x06, 0x00, 0x00, 0x75, 0xFF, 0xD6, 0xFF, 0xE3, 
0xFF, 0xD5, 0xFF, 0xA0, 0x00, 0x00, 0x00, 0x1F, 0xFF, 0xFF, 0xFF, 0x77, 0xFF, 0xFF, 0xFF, 0x4A, 
0x00, 0x00, 0x00, 0x00, 0xC9, 0xFF, 0xFF, 0x1A, 0xEC, 0xFF, 0xEE, 0x05, 0x00, 0x00, 0x00, 0x00, 
0x73, 0xFF, 0xE0, 0x00, 0xB4, 0xFF, 0x9E, 0x00, 0x00, 0x00, 0x7D, 0xC8, 0x60, 0x00, 0x02, 0xA8, 
0xC7, 0x30, 0x19, 0xEE, 0xF3, 0x20, 0x75, 0xFF, 0xA4, 0x00, 0x00, 0x5D, 0xFF, 0xCB, 0xF7, 0xE8, 
0x12, 0x00, 0x00, 0x00, 0xB0, 0xFF, 0xFF, 0x50, 0x00, 0x00, 0x00, 0x00, 0x8D, 0xFF, 0xFC, 0x2F, 
0x00, 0x00, 0x00, 0x39, 0xFD, 0xE8, 0xFF, 0xCF, 0x05, 0x00, 0x09, 0xD9, 0xFD, 0x3B, 0x9A, 0xFF, 
0x7F, 0x00, 0x8E, 0xFF, 0x8D, 0x00, 0x0D, 0xE0, 0xFA, 0x2F, 0x5D, 0xC8, 0x73, 0x00, 0x00, 0x22, 
0xC8, 0x9F, 0x78, 0xFF, 0x94, 0x00, 0x00, 0x2C, 0xFF, 0xCC, 0x78, 0xFF, 0x94, 0x00, 0x00, 0x2C, 
0xFF, 0xCC, 0x78, 0xFF, 0x94, 0x00, 0x00, 0x2C, 0xFF, 0xCC, 0x77, 0xFF, 0xA6, 0x00, 0x00, 0x3B, 
0xFF, 0xCC, 0x57, 0xFF, 0xF3, 0x59, 0x55, 0xD5, 0xFF, 0xCC, 0x0A, 0xD9, 0xFF, 0xFF, 0xFF, 0xC4, 
0xFF, 0xCC, 0x00, 0x11, 0x7D, 0x98, 0x51, 0x38, 0xFF, 0xC4, 0x00, 0x00, 0x00, 0x00, 0x00, 0x82, 
0xFF, 0x98, 0x00, 0x9C, 0xC4, 0xA1, 0xBA, 0xFF, 0xF9, 0x2C, 0x00, 0xA8, 0xFF, 0xFF, 0xFF, 0xE9, 
0x4F, 0x00, 0x00, 0x00, 0x14, 0x2E, 0x2D, 0x04, 0x00, 0x00, 0x35, 0xC8, 0xC8, 0xC8, 0xC8, 0xC8, 
0xC8, 0x4B, 0x44, 0xFF, 0xFF, 0xFF, 0xFF, 0xFF, 0xFF, 0x46, 0x06, 0x18, 0x18, 0x22, 0xD8, 0xFF, 
0x83, 0x00, 0x00, 0x00, 0x02, 0xB0, 0xFF, 0xA4, 0x00, 0x00, 0x00, 0x00, 0x91, 0xFF, 0xBF, 0x06, 
0x00, 0x00, 0x00, 0x6D, 0xFF, 0xD6, 0x10, 0x00, 0x00, 0x00, 0x43, 0xFD, 0xFF, 0xED, 0xE0, 0xE0, 
0xE0, 0x85, 0x78, 0xFF, 0xFF, 0xFF, 0xFF, 0xFF, 0xFF, 0x98, 0x00, 0x00, 0x00, 0x33, 0x88, 0x52, 
0x00, 0x00, 0x3B, 0xFC, 0xFC, 0x71, 0x00, 0x00, 0xA4, 0xFF, 0x78, 0x00, 0x00, 0x00, 0xC5, 0xFF, 
0x4B, 0x00, 0x00, 0x00, 0xCB, 0xFF, 0x4D, 0x00, 0x00, 0x00, 0xE2, 0xFF, 0x41, 0x00, 0x0A, 0x5F, 
0xFF, 0xF3, 0x0F, 0x00, 0x78, 0xFF, 0xFF, 0x6A, 0x00, 0x00, 0x25, 0x9A, 0xFF, 0xE1, 0x06, 0x00, 
0x00, 0x00, 0xEB, 0xFF, 0x39, 0x00, 0x00, 0x00, 0xCE, 0xFF, 0x4D, 0x00, 0x00, 0x00, 0xC6, 0xFF, 
0x4A, 0x00, 0x00, 0x00, 0xB0, 0xFF, 0x63, 0x00, 0x00, 0x00, 0x5C, 0xFF, 0xEA, 0x54, 0x00, 0x00, 
0x01, 0x6C, 0xC3, 0x6F, 0x4C, 0xA4, 0x5E, 0x78, 0xFF, 0x94, 0x78, 0xFF, 0x94, 0x78, 0xFF, 0x94, 
0x78, 0xFF, 0x94, 0x78, 0xFF, 0x94, 0x78, 0xFF, 0x94, 0x78, 0xFF, 0x94, 0x78, 0xFF, 0x94, 0x78, 
0xFF, 0x94, 0x78, 0xFF, 0x94, 0x78, 0xFF, 0x94, 0x78, 0xFF, 0x94, 0x78, 0xFF, 0x94, 0x72, 0xF4, 
0x8D, 0x4A, 0x8A, 0x39, 0x00, 0x00, 0x00, 0x66, 0xFB, 0xFE, 0x45, 0x00, 0x00, 0x00, 0x6F, 0xFF, 
0xB0, 0x00, 0x00, 0x00, 0x43, 0xFF, 0xD2, 0x00, 0x00, 0x00, 0x43, 0xFF, 0xDA, 0x00, 0x00, 0x00, 
0x37, 0xFF, 0xED, 0x00, 0x00, 0x00, 0x0B, 0xF0, 0xFF, 0x69, 0x0B, 0x00, 0x00, 0x5F, 0xFF, 0xFF, 
0x84, 0x00, 0x04, 0xDB, 0xFF, 0xA1, 0x29, 0x00, 0x2F, 0xFF, 0xF4, 0x03, 0x00, 0x00, 0x42, 0xFF, 
0xDB, 0x00, 0x00, 0x00, 0x42, 0xFF, 0xD4, 0x00, 0x00, 0x00, 0x5B, 0xFF, 0xBB, 0x00, 0x00, 0x4B, 
0xE7, 0xFF, 0x68, 0x00, 0x00, 0x65, 0xC5, 0x73, 0x02, 0x00, 0x00, 0x12, 0x8E, 0xCD, 0xC9, 0x9C, 
0x69, 0x41, 0x46, 0x89, 0x57, 0x78, 0xFF, 0xFF, 0xFF, 0xFF, 0xFF, 0xFF, 0xFF, 0xFF, 0x60, 0x70, 
0x8E, 0x4F, 0x52, 0x80, 0xB5, 0xDE, 0xD8, 0x92, 0x12, 0x01, 0x00, 0x00, 0x00, 0x00, 0x00, 0x00, 
0x00, 0x00, 0x00, 0x00, 0x03, 0x00, 0x2C, 0xF4, 0xA3, 0x35, 0xFC, 0xB2, 0x0C, 0x44, 0x2A, 0x49, 
0xFF, 0xCD, 0x50, 0xFF, 0xD5, 0x58, 0xFF, 0xDC, 0x5F, 0xFF, 0xE4, 0x66, 0xFF, 0xEC, 0x6D, 0xFF, 
0xF4, 0x74, 0xFF, 0xFC, 0x00, 0x00, 0x00, 0x00, 0x00, 0xA9, 0xC8, 0x27, 0x00, 0x00, 0x0F, 0x60, 
0x8D, 0xFF, 0xD3, 0x00, 0x00, 0x39, 0xEA, 0xFF, 0xFF, 0xFF, 0xEE, 0x43, 0x0C, 0xE9, 0xFF, 0xB4, 
0xFF, 0xFB, 0xF7, 0x7E, 0x56, 0xFF, 0xBB, 0x6F, 0xFF, 0x98, 0x13, 0x00, 0x72, 0xFF, 0x87, 0xD7, 
0xFF, 0x2E, 0x00, 0x00, 0x59, 0xFF, 0xE4, 0xFF, 0xC4, 0x00, 0x0B, 0x00, 0x10, 0xEF, 0xFF, 0xFF, 
0x8F, 0x8F, 0xF2, 0x79, 0x00, 0x5A, 0xFF, 0xFF, 0xFF, 0xFF, 0xF3, 0x4C, 0x00, 0x7E, 0xFF, 0xBA, 
0x90, 0x73, 0x1B, 0x00, 0x00, 0xBF, 0xDC, 0x26, 0x00, 0x00, 0x00, 0x00, 0x00, 0x00, 0x00, 0x00, 
0x16, 0x1D, 0x00, 0x00, 0x00, 0x00, 0x00, 0x1D, 0xC8, 0xFF, 0xFF, 0xE2, 0x6C, 0x00, 0x00, 0x00, 
0xB9, 0xFF, 0xE0, 0xB4, 0xEB, 0xC5, 0x01, 0x00, 0x0E, 0xFE, 0xF4, 0x0E, 0x00, 0x07, 0x1F, 0x00, 
0x00, 0x2A, 0xFF, 0xCC, 0x00, 0x00, 0x00, 0x00, 0x00, 0x09, 0x4D, 0xFF, 0xCF, 0x24, 0x24, 0x1D, 
0x00, 0x00, 0x44, 0xFF, 0xFF, 0xFF, 0xFF, 0xFF, 0xD4, 0x00, 0x00, 0x33, 0xCC, 0xFF, 0xF2, 0xC0, 
0xC0, 0x9F, 0x00, 0x00, 0x00, 0x38, 0xFF, 0xB5, 0x00, 0x00, 0x00, 0x00, 0x00, 0x00, 0x70, 0xFF, 
0x5F, 0x00, 0x00, 0x00, 0x00, 0x00, 0x3C, 0xEB, 0xFF, 0xE4, 0xE4, 0xE4, 0xE4, 0xE4, 0x31, 0x5F, 
0xFF, 0xFF, 0xFF, 0xFF, 0xFF, 0xFF, 0xFF, 0x38, 0x0E, 0x30, 0x30, 0x30, 0x30, 0x30, 0x30, 0x30, 
0x0A, 0x0C, 0x1C, 0x16, 0x00, 0x00, 0x00, 0x00, 0x00, 0x12, 0x1C, 0x0F, 0x24, 0xF9, 0xF9, 0x23, 
0x00, 0x00, 0x00, 0x10, 0xEC, 0xFF, 0x3A, 0x00, 0x89, 0xFF, 0xAE, 0x00, 0x00, 0x00, 0x8F, 0xFF, 
0xA4, 0x00, 0x00, 0x0D, 0xE7, 0xFF, 0x40, 0x00, 0x26, 0xFA, 0xF4, 0x1B, 0x00, 0x00, 0x00, 0x61, 
0xFF, 0xCF, 0x02, 0xB3, 0xFF, 0x7C, 0x00, 0x00, 0x00, 0x00, 0x01, 0xCA, 0xFF, 0xA3, 0xFF, 0xDF, 
0x08, 0x00, 0x00, 0x00, 0x00, 0x00, 0x38, 0xFE, 0xFF, 0xFF, 0x53, 0x00, 0x00, 0x00, 0x00, 0x00, 
0x2C, 0x58, 0xD4, 0xFF, 0xE6, 0x58, 0x34, 0x00, 0x00, 0x00, 0x00, 0x7A, 0xF4, 0xFA, 0xFF, 0xFB, 
0xF4, 0x90, 0x00, 0x00, 0x00, 0x00, 0x4A, 0x94, 0xCB, 0xFF, 0xD9, 0x94, 0x57, 0x00, 0x00, 0x00, 
0x00, 0x5C, 0xB8, 0xDD, 0xFF, 0xE6, 0xB8, 0x6D, 0x00, 0x00, 0x00, 0x00, 0x00, 0x00, 0x84, 0xFF, 
0xA4, 0x00, 0x00, 0x00, 0x00, 0x00, 0x00, 0x00, 0x04, 0x00, 0x00, 0x00, 0x00, 0x66, 0xE0, 0xFF, 
0xE7, 0x81, 0x05, 0x38, 0xFF, 0xDF, 0x93, 0xD0, 0xF4, 0x23, 0x61, 0xFF, 0x77, 0x00, 0x00, 0x2B, 
0x00, 0x1A, 0xE5, 0xFF, 0xCC, 0x85, 0x26, 0x00, 0x1F, 0xEC, 0xEF, 0xA7, 0xF3, 0xFA, 0x35, 0x6E, 
0xFF, 0x69, 0x00, 0x52, 0xFF, 0x85, 0x54, 0xFF, 0xC2, 0x51, 0xAD, 0xFF, 0x55, 0x01, 0x73, 0xDC, 
0xFF, 0xFF, 0xDE, 0x04, 0x00, 0x00, 0x00, 0x24, 0xA8, 0xFF, 0x5D, 0x2C, 0xAA, 0x3E, 0x18, 0x91, 
0xFF, 0x68, 0x68, 0xFE, 0xFF, 0xFF, 0xFF, 0xD8, 0x12, 0x00, 0x26, 0x72, 0x84, 0x5E, 0x08, 0x00, 
0x00, 0x00, 0x00, 0x00, 0x10, 0x30, 0x24, 0x01, 0x00, 0x00, 0x00, 0x00, 0x00, 0x22, 0xB2, 0xFC, 
0xFF, 0xFF, 0xE5, 0x67, 0x00, 0x00, 0x00, 0x2A, 0xEC, 0xD2, 0x56, 0x27, 0x38, 0x8F, 0xFC, 0x93, 
0x00, 0x02, 0xD0, 0xC5, 0x09, 0x38, 0x85, 0x69, 0x08, 0x53, 0xFF, 0x50, 0x3D, 0xFF, 0x2F, 0x49, 
0xF0, 0x94, 0xC5, 0x6F, 0x00, 0xB0, 0xBC, 0x6D, 0xEC, 0x00, 0xB2, 0x6B, 0x00, 0x01, 0x00, 0x00, 
0x6D, 0xEC, 0x6C, 0xED, 0x00, 0xB2, 0x6D, 0x00, 0x02, 0x00, 0x00, 0x6E, 0xEB, 0x3C, 0xFF, 0x31, 
0x47, 0xF1, 0x9B, 0xCA, 0x70, 0x00, 0xB3, 0xBA, 0x01, 0xD0, 0xC7, 0x0A, 0x33, 0x7D, 0x62, 0x07, 
0x57, 0xFF, 0x4B, 0x00, 0x2A, 0xEC, 0xD4, 0x5A, 0x2B, 0x3B, 0x93, 0xFD, 0x8B, 0x00, 0x00, 0x00, 
0x22, 0xB1, 0xFC, 0xFF, 0xFF, 0xE1, 0x63, 0x00, 0x00, 0x00, 0x00, 0x00, 0x00, 0x0E, 0x2D, 0x21, 
0x00, 0x00, 0x00, 0x00, 0x00, 0x00, 0x03, 0x27, 0x14, 0x00, 0x00, 0x00, 0x40, 0xD4, 0xB0, 0xC8, 
0xA8, 0x0B, 0x17, 0xD3, 0x3E, 0xA3, 0x66, 0x71, 0x96, 0x5E, 0x7A, 0x34, 0xA0, 0xB4, 0x00, 0xD7, 
0x61, 0x77, 0x34, 0xB5, 0x8D, 0x00, 0xD7, 0x1C, 0xD2, 0x2C, 0x3C, 0x55, 0x63, 0x9F, 0x00, 0x4C, 
0xD5, 0x9F, 0xB7, 0xB7, 0x10, 0x00, 0x00, 0x0A, 0x38, 0x25, 0x00, 0x00, 0x00, 0x00, 0x00, 0x4D, 
0xEC, 0xA2, 0x00, 0x00, 0x00, 0x00, 0x00, 0x00, 0x54, 0xFF, 0xB0, 0x00, 0x00, 0x00, 0x00, 0x00, 
0x00, 0x54, 0xFF, 0xB0, 0x00, 0x00, 0x00, 0x5D, 0xC8, 0xC8, 0xDA, 0xFF, 0xEE, 0xC8, 0xC8, 0xA5, 
0x78, 0xFF, 0xFF, 0xFF, 0xFF, 0xFF, 0xFF, 0xFF, 0xD4, 0x1E, 0x40, 0x40, 0x7F, 0xFF, 0xC4, 0x40, 
0x40, 0x35, 0x00, 0x00, 0x00, 0x54, 0xFF, 0xB0, 0x00, 0x00, 0x00, 0x00, 0x00, 0x00, 0x54, 0xFF, 
0xB0, 0x00, 0x00, 0x00, 0x00, 0x00, 0x00, 0x1F, 0x60, 0x42, 0x00, 0x00, 0x00, 0x58, 0xBC, 0xBC, 
0xBC, 0xBC, 0xBC, 0xBC, 0xBC, 0x9B, 0x78, 0xFF, 0xFF, 0xFF, 0xFF, 0xFF, 0xFF, 0xFF, 0xD4, 0x21, 
0x48, 0x48, 0x48, 0x48, 0x48, 0x48, 0x48, 0x3B, 0x5D, 0xC8, 0x73, 0x00, 0x00, 0x32, 0xC8, 0x9F, 
0x78, 0xFF, 0x94, 0x00, 0x00, 0x40, 0xFF, 0xCC, 0x78, 0xFF, 0x94, 0x00, 0x00, 0x40, 0xFF, 0xCC, 
0x78, 0xFF, 0x94, 0x00, 0x00, 0x40, 0xFF, 0xCC, 0x78, 0xFF, 0x97, 0x00, 0x00, 0x40, 0xFF, 0xCC, 
0x78, 0xFF, 0xC7, 0x01, 0x00, 0x76, 0xFF, 0xCC, 0x78, 0xFF, 0xFF, 0xD0, 0xCC, 0xFF, 0xFF, 0xCC, 
0x78, 0xFF, 0xFF, 0xFF, 0xDE, 0x7D, 0xFF, 0xCC, 0x78, 0xFF, 0xA1, 0x25, 0x01, 0x00, 0x00, 0x00, 
0x78, 0xFF, 0x94, 0x00, 0x00, 0x00, 0x00, 0x00, 0x52, 0xB0, 0x65, 0x00, 0x00, 0x00, 0x00, 0x00, 
0x00, 0x22, 0x93, 0xCB, 0xDE, 0xE0, 0x77, 0x38, 0xE0, 0xCE, 0x15, 0xEC, 0xFF, 0xFF, 0xFF, 0xFF, 
0x88, 0x40, 0xFF, 0xEC, 0x61, 0xFF, 0xFF, 0xFF, 0xFF, 0xFF, 0x88, 0x40, 0xFF, 0xEC, 0x71, 0xFF, 
0xFF, 0xFF, 0xFF, 0xFF, 0x88, 0x40, 0xFF, 0xEC, 0x44, 0xFF, 0xFF, 0xFF, 0xFF, 0xFF, 0x88, 0x40, 
0xFF, 0xEC, 0x00, 0x9D, 0xFE, 0xFF, 0xFF, 0xFF, 0x88, 0x40, 0xFF, 0xEC, 0x00, 0x00, 0x22, 0x58, 
0xC9, 0xFF, 0x88, 0x40, 0xFF, 0xEC, 0x00, 0x00, 0x00, 0x00, 0xA4, 0xFF, 0x88, 0x40, 0xFF, 0xEC, 
0x00, 0x00, 0x00, 0x00, 0xA4, 0xFF, 0x88, 0x40, 0xFF, 0xEC, 0x00, 0x00, 0x00, 0x00, 0xA4, 0xFF, 
0x88, 0x40, 0xFF, 0xEC, 0x00, 0x00, 0x00, 0x00, 0xA4, 0xFF, 0x88, 0x40, 0xFF, 0xEC, 0x00, 0x00, 
0x00, 0x00, 0x59, 0x8C, 0x4A, 0x23, 0x8C, 0x81, 0x00, 0x00, 0x00, 0x00, 0x03, 0x00, 0x00, 0x00, 
0x00, 0x00, 0x00, 0x59, 0xFC, 0x84, 0x00, 0x00, 0x00, 0x00, 0x00, 0x7A, 0xFF, 0xA9, 0x00, 0x00, 
0x00, 0x00, 0x00, 0x1C, 0x73, 0x2C, 0x00, 0x00, 0x00, 0x00, 0x00, 0xA6, 0xFF, 0x8A, 0x00, 0x00, 
0x00, 0x00, 0x6E, 0xFE, 0xFF, 0x3A, 0x00, 0x00, 0x00, 0x9E, 0xFF, 0xFD, 0x71, 0x00, 0x00, 0x00, 
0x49, 0xFF, 0xFB, 0x48, 0x00, 0x00, 0x00, 0x00, 0x6A, 0xFF, 0xD6, 0x00, 0x00, 0x5A, 0x5F, 0x00, 
0x33, 0xFE, 0xFF, 0xDC, 0xE1, 0xFF, 0xF4, 0x14, 0x00, 0x69, 0xEC, 0xFF, 0xFF, 0xE4, 0x5E, 0x00, 
0x00, 0x00, 0x04, 0x20, 0x1F, 0x02, 0x00, 0x00, 0x00, 0x00, 0x00, 0x1C, 0x1E, 0x00, 0x00, 0x00, 
0x00, 0x00, 0x00, 0x00, 0x00, 0x00, 0x9A, 0xFF, 0x23, 0x00, 0x00, 0x00, 0x00, 0x00, 0x00, 0x00, 
0x00, 0x1D, 0xF8, 0x75, 0x00, 0x00, 0x00, 0x00, 0x00, 0x00, 0x00, 0x00, 0x00, 0x79, 0x8D, 0x00, 
0x00, 0x00, 0x00, 0x00, 0x00, 0x00, 0x00, 0x41, 0xE0, 0xE0, 0x7C, 0x00, 0x00, 0x00, 0x00, 0x00, 
0x00, 0x00, 0xA7, 0xFF, 0xFF, 0xE6, 0x03, 0x00, 0x00, 0x00, 0x00, 0x00, 0x10, 0xF7, 0xFF, 0xFA, 
0xFF, 0x4B, 0x00, 0x00, 0x00, 0x00, 0x00, 0x6A, 0xFF, 0xDD, 0x97, 0xFF, 0xAD, 0x00, 0x00, 0x00, 
0x00, 0x00, 0xCB, 0xFF, 0x80, 0x39, 0xFF, 0xFA, 0x14, 0x00, 0x00, 0x00, 0x2C, 0xFF, 0xFF, 0x23, 
0x00, 0xDA, 0xFF, 0x70, 0x00, 0x00, 0x00, 0x8F, 0xFF, 0xF8, 0xB4, 0xB4, 0xE2, 0xFF, 0xD1, 0x00, 
0x00, 0x05, 0xEA, 0xFF, 0xFF, 0xFF, 0xFF, 0xFF, 0xFF, 0xFF, 0x33, 0x00, 0x52, 0xFF, 0xF6, 0x3D, 
0x38, 0x38, 0x38, 0xC4, 0xFF, 0x95, 0x00, 0xB3, 0xFF, 0xA7, 0x00, 0x00, 0x00, 0x00, 0x5F, 0xFF, 
0xEE, 0x08, 0x00, 0x00, 0x00, 0x00, 0x00, 0x11, 0x20, 0x0A, 0x00, 0x00, 0x00, 0x00, 0x00, 0x00, 
0x00, 0x00, 0xB8, 0xF3, 0x15, 0x00, 0x00, 0x00, 0x00, 0x00, 0x00, 0x00, 0x0F, 0xFA, 0x85, 0x00, 
0x00, 0x00, 0x00, 0x00, 0x00, 0x00, 0x00, 0x3D, 0xBC, 0x11, 0x00, 0x00, 0x00, 0x00, 0x00, 0x00, 
0x00, 0x41, 0xE0, 0xE0, 0x7C, 0x00, 0x00, 0x00, 0x00, 0x00, 0x00, 0x00, 0xA7, 0xFF, 0xFF, 0xE6, 
0x03, 0x00, 0x00, 0x00, 0x00, 0x00, 0x10, 0xF7, 0xFF, 0xFA, 0xFF, 0x4B, 0x00, 0x00, 0x00, 0x00, 
0x00, 0x6A, 0xFF, 0xDD, 0x97, 0xFF, 0xAD, 0x00, 0x00, 0x00, 0x00, 0x00, 0xCB, 0xFF, 0x80, 0x39, 
0xFF, 0xFA, 0x14, 0x00, 0x00, 0x00, 0x2C, 0xFF, 0xFF, 0x23, 0x00, 0xDA, 0xFF, 0x70, 0x00, 0x00, 
0x00, 0x8F, 0xFF, 0xF8, 0xB4, 0xB4, 0xE2, 0xFF, 0xD1, 0x00, 0x00, 0x05, 0xEA, 0xFF, 0xFF, 0xFF, 
0xFF, 0xFF, 0xFF, 0xFF, 0x33, 0x00, 0x52, 0xFF, 0xF6, 0x3D, 0x38, 0x38, 0x38, 0xC4, 0xFF, 0x95, 
0x00, 0xB3, 0xFF, 0xA7, 0x00, 0x00, 0x00, 0x00, 0x5F, 0xFF, 0xEE, 0x08, 0x00, 0x00, 0x00, 0x00, 
0x0C, 0x12, 0x00, 0x00, 0x00, 0x00, 0x00, 0x00, 0x00, 0x00, 0x01, 0xCE, 0xF6, 0x1C, 0x00, 0x00, 
0x00, 0x00, 0x00, 0x00, 0x00, 0x5F, 0xDB, 0xA0, 0xA0, 0x00, 0x00, 0x00, 0x00, 0x00, 0x00, 0x02, 
0xB7, 0x4E, 0x19, 0xCE, 0x1E, 0x00, 0x00, 0x00, 0x00, 0x00, 0x00, 0x41, 0xE0, 0xE0, 0x7C, 0x00, 
0x00, 0x00, 0x00, 0x00, 0x00, 0x00, 0xA7, 0xFF, 0xFF, 0xE6, 0x03, 0x00, 0x00, 0x00, 0x00, 0x00, 
0x10, 0xF7, 0xFF, 0xFA, 0xFF, 0x4B, 0x00, 0x00, 0x00, 0x00, 0x00, 0x6A, 0xFF, 0xDD, 0x97, 0xFF, 
0xAD, 0x00, 0x00, 0x00, 0x00, 0x00, 0xCB, 0xFF, 0x80, 0x39, 0xFF, 0xFA, 0x14, 0x00, 0x00, 0x00, 
0x2C, 0xFF, 0xFF, 0x23, 0x00, 0xDA, 0xFF, 0x70, 0x00, 0x00, 0x00, 0x8F, 0xFF, 0xF8, 0xB4, 0xB4, 
0xE2, 0xFF, 0xD1, 0x00, 0x00, 0x05, 0xEA, 0xFF, 0xFF, 0xFF, 0xFF, 0xFF, 0xFF, 0xFF, 0x33, 0x00, 
0x52, 0xFF, 0xF6, 0x3D, 0x38, 0x38, 0x38, 0xC4, 0xFF, 0x95, 0x00, 0xB3, 0xFF, 0xA7, 0x00, 0x00, 
0x00, 0x00, 0x5F, 0xFF, 0xEE, 0x08, 0x00, 0x00, 0x00, 0x25, 0x61, 0x12, 0x0C, 0x55, 0x00, 0x00, 
0x00, 0x00, 0x00, 0x19, 0xED, 0xED, 0xEE, 0xD1, 0x81, 0x00, 0x00, 0x00, 0x00, 0x00, 0x53, 0x5F, 
0x04, 0x63, 0x7A, 0x08, 0x00, 0x00, 0x00, 0x00, 0x00, 0x00, 0x41, 0xE0, 0xE0, 0x7C, 0x00, 0x00, 
0x00, 0x00, 0x00, 0x00, 0x00, 0xA7, 0xFF, 0xFF, 0xE6, 0x03, 0x00, 0x00, 0x00, 0x00, 0x00, 0x10, 
0xF7, 0xFF, 0xFA, 0xFF, 0x4B, 0x00, 0x00, 0x00, 0x00, 0x00, 0x6A, 0xFF, 0xDD, 0x97, 0xFF, 0xAD, 
0x00, 0x00, 0x00, 0x00, 0x00, 0xCB, 0xFF, 0x80, 0x39, 0xFF, 0xFA, 0x14, 0x00, 0x00, 0x00, 0x2C, 
0xFF, 0xFF, 0x23, 0x00, 0xDA, 0xFF, 0x70, 0x00, 0x00, 0x00, 0x8F, 0xFF, 0xF8, 0xB4, 0xB4, 0xE2, 
0xFF, 0xD1, 0x00, 0x00, 0x05, 0xEA, 0xFF, 0xFF, 0xFF, 0xFF, 0xFF, 0xFF, 0xFF, 0x33, 0x00, 0x52, 
0xFF, 0xF6, 0x3D, 0x38, 0x38, 0x38, 0xC4, 0xFF, 0x95, 0x00, 0xB3, 0xFF, 0xA7, 0x00, 0x00, 0x00, 
0x00, 0x5F, 0xFF, 0xEE, 0x08, 0x00, 0x00, 0x00, 0x0A, 0x00, 0x00, 0x0A, 0x00, 0x00, 0x00, 0x00, 
0x00, 0x00, 0x11, 0xF6, 0x8D, 0x4B, 0xFD, 0x56, 0x00, 0x00, 0x00, 0x00, 0x00, 0x03, 0x9A, 0x4B, 
0x24, 0xA1, 0x2A, 0x00, 0x00, 0x00, 0x00, 0x00, 0x00, 0x41, 0xE0, 0xE0, 0x7C, 0x00, 0x00, 0x00, 
0x00, 0x00, 0x00, 0x00, 0xA7, 0xFF, 0xFF, 0xE6, 0x03, 0x00, 0x00, 0x00, 0x00, 0x00, 0x10, 0xF7, 
0xFF, 0xFA, 0xFF, 0x4B, 0x00, 0x00, 0x00, 0x00, 0x00, 0x6A, 0xFF, 0xDD, 0x97, 0xFF, 0xAD, 0x00, 
0x00, 0x00, 0x00, 0x00, 0xCB, 0xFF, 0x80, 0x39, 0xFF, 0xFA, 0x14, 0x00, 0x00, 0x00, 0x2C, 0xFF, 
0xFF, 0x23, 0x00, 0xDA, 0xFF, 0x70, 0x00, 0x00, 0x00, 0x8F, 0xFF, 0xF8, 0xB4, 0xB4, 0xE2, 0xFF, 
0xD1, 0x00, 0x00, 0x05, 0xEA, 0xFF, 0xFF, 0xFF, 0xFF, 0xFF, 0xFF, 0xFF, 0x33, 0x00, 0x52, 0xFF, 
0xF6, 0x3D, 0x38, 0x38, 0x38, 0xC4, 0xFF, 0x95, 0x00, 0xB3, 0xFF, 0xA7, 0x00, 0x00, 0x00, 0x00, 
0x5F, 0xFF, 0xEE, 0x08, 0x00, 0x00, 0x00, 0x06, 0x99, 0xB4, 0x21, 0x00, 0x00, 0x00, 0x00, 0x00, 
0x00, 0x00, 0x57, 0xB5, 0x7C, 0x98, 0x00, 0x00, 0x00, 0x00, 0x00, 0x00, 0x00, 0x28, 0xDF, 0xD8, 
0x5C, 0x00, 0x00, 0x00, 0x00, 0x00, 0x00, 0x00, 0x41, 0xF1, 0xFA, 0x7C, 0x00, 0x00, 0x00, 0x00, 
0x00, 0x00, 0x00, 0xA7, 0xFF, 0xFF, 0xE6, 0x03, 0x00, 0x00, 0x00, 0x00, 0x00, 0x10, 0xF7, 0xFF, 
0xFA, 0xFF, 0x4B, 0x00, 0x00, 0x00, 0x00, 0x00, 0x6A, 0xFF, 0xDD, 0x97, 0xFF, 0xAD, 0x00, 0x00, 
0x00, 0x00, 0x00, 0xCB, 0xFF, 0x80, 0x39, 0xFF, 0xFA, 0x14, 0x00, 0x00, 0x00, 0x2C, 0xFF, 0xFF, 
0x23, 0x00, 0xDA, 0xFF, 0x70, 0x00, 0x00, 0x00, 0x8F, 0xFF, 0xF8, 0xB4, 0xB4, 0xE2, 0xFF, 0xD1, 
0x00, 0x00, 0x05, 0xEA, 0xFF, 0xFF, 0xFF, 0xFF, 0xFF, 0xFF, 0xFF, 0x33, 0x00, 0x52, 0xFF, 0xF6, 
0x3D, 0x38, 0x38, 0x38, 0xC4, 0xFF, 0x95, 0x00, 0xB3, 0xFF, 0xA7, 0x00, 0x00, 0x00, 0x00, 0x5F, 
0xFF, 0xEE, 0x08, 0x00, 0x00, 0x00, 0x41, 0xE0, 0xE0, 0xE0, 0xE0, 0xE0, 0xE0, 0xE0, 0xD5, 0x00, 
0x00, 0x00, 0xA7, 0xFF, 0xFF, 0xFF, 0xFF, 0xFF, 0xFF, 0xFF, 0xF4, 0x00, 0x00, 0x10, 0xF7, 0xFF, 
0xFD, 0xFF, 0x54, 0x0C, 0x0C, 0x0C, 0x0B, 0x00, 0x00, 0x6A, 0xFF, 0xDF, 0xDD, 0xFF, 0x4C, 0x00, 
0x00, 0x00, 0x00, 0x00, 0x00, 0xCB, 0xFF, 0x82, 0xDC, 0xFF, 0xEF, 0xE8, 0xE8, 0xE8, 0x74, 0x00, 
0x2C, 0xFF, 0xFF, 0x24, 0xDC, 0xFF, 0xFF, 0xFF, 0xFF, 0xFF, 0x80, 0x00, 0x8F, 0xFF, 0xF8, 0xB4, 
0xF5, 0xFF, 0x51, 0x08, 0x08, 0x08, 0x04, 0x05, 0xEA, 0xFF, 0xFF, 0xFF, 0xFF, 0xFF, 0x4C, 0x00, 
0x00, 0x00, 0x00, 0x52, 0xFF, 0xF6, 0x3D, 0x38, 0xE3, 0xFF, 0xF1, 0xEC, 0xEC, 0xEC, 0xE0, 0xB3, 
0xFF, 0xA7, 0x00, 0x00, 0xDC, 0xFF, 0xFF, 0xFF, 0xFF, 0xFF, 0xF4, 0x00, 0x00, 0x00, 0x00, 0x00, 
0x05, 0x00, 0x00, 0x00, 0x00, 0x00, 0x00, 0x36, 0xB5, 0xF6, 0xFF, 0xE5, 0x8F, 0x12, 0x00, 0x00, 
0x54, 0xFA, 0xFF, 0xFF, 0xFF, 0xFF, 0xFF, 0xE2, 0x1B, 0x18, 0xF4, 0xFF, 0xCB, 0x4A, 0x28, 0x5D, 
0xE7, 0x95, 0x05, 0x75, 0xFF, 0xE1, 0x0C, 0x00, 0x00, 0x00, 0x0F, 0x00, 0x00, 0xA3, 0xFF, 0x91, 
0x00, 0x00, 0x00, 0x00, 0x00, 0x00, 0x00, 0xA8, 0xFF, 0x8B, 0x00, 0x00, 0x00, 0x00, 0x00, 0x00, 
0x00, 0x7F, 0xFF, 0xD4, 0x04, 0x00, 0x00, 0x00, 0x04, 0x00, 0x00, 0x24, 0xFB, 0xFF, 0xAE, 0x26, 
0x04, 0x3C, 0xD5, 0x76, 0x00, 0x00, 0x71, 0xFF, 0xFF, 0xFF, 0xFF, 0xFF, 0xFF, 0xEF, 0x20, 0x00, 
0x00, 0x55, 0xD5, 0xFF, 0xFF, 0xFC, 0xB4, 0x26, 0x00, 0x00, 0x00, 0x00, 0x00, 0x98, 0xC9, 0x31, 
0x00, 0x00, 0x00, 0x00, 0x00, 0x00, 0x47, 0x7C, 0x8F, 0x97, 0x00, 0x00, 0x00, 0x00, 0x00, 0x00, 
0x1C, 0xB3, 0xB6, 0x2B, 0x00, 0x00, 0x00, 0x00, 0x00, 0x98, 0xC9, 0x0C, 0x00, 0x00, 0x00, 0x00, 
0x00, 0x49, 0xFF, 0x54, 0x00, 0x00, 0x00, 0x00, 0x00, 0x00, 0xC4, 0xA4, 0x00, 0x00, 0x00, 0x00, 
0x00, 0x00, 0x09, 0x10, 0x00, 0x00, 0x00, 0x69, 0xE0, 0xE0, 0xE0, 0xE0, 0xE0, 0xE0, 0x50, 0x78, 
0xFF, 0xFF, 0xFF, 0xFF, 0xFF, 0xFF, 0x5C, 0x78, 0xFF, 0xB7, 0x0C, 0x0C, 0x0C, 0x0C, 0x04, 0x78, 
0xFF, 0xB4, 0x00, 0x00, 0x00, 0x00, 0x00, 0x78, 0xFF, 0xF8, 0xE8, 0xE8, 0xE8, 0xD2, 0x00, 0x78, 
0xFF, 0xFF, 0xFF, 0xFF, 0xFF, 0xE8, 0x00, 0x78, 0xFF, 0xB6, 0x08, 0x08, 0x08, 0x07, 0x00, 0x78, 
0xFF, 0xB4, 0x00, 0x00, 0x00, 0x00, 0x00, 0x78, 0xFF, 0xFA, 0xEC, 0xEC, 0xEC, 0xEC, 0x54, 0x78, 
0xFF, 0xFF, 0xFF, 0xFF, 0xFF, 0xFF, 0x5C, 0x00, 0x00, 0x00, 0x00, 0x47, 0xCC, 0x5B, 0x00, 0x00, 
0x00, 0x00, 0x00, 0xA5, 0xED, 0x0E, 0x00, 0x00, 0x00, 0x00, 0x06, 0xF1, 0x78, 0x00, 0x00, 0x00, 
0x00, 0x00, 0x02, 0x14, 0x03, 0x00, 0x00, 0x69, 0xE0, 0xE0, 0xE0, 0xE0, 0xE0, 0xE0, 0x50, 0x78, 
0xFF, 0xFF, 0xFF, 0xFF, 0xFF, 0xFF, 0x5C, 0x78, 0xFF, 0xB7, 0x0C, 0x0C, 0x0C, 0x0C, 0x04, 0x78, 
0xFF, 0xB4, 0x00, 0x00, 0x00, 0x00, 0x00, 0x78, 0xFF, 0xF8, 0xE8, 0xE8, 0xE8, 0xD2, 0x00, 0x78, 
0xFF, 0xFF, 0xFF, 0xFF, 0xFF, 0xE8, 0x00, 0x78, 0xFF, 0xB6, 0x08, 0x08, 0x08, 0x07, 0x00, 0x78, 
0xFF, 0xB4, 0x00, 0x00, 0x00, 0x00, 0x00, 0x78, 0xFF, 0xFA, 0xEC, 0xEC, 0xEC, 0xEC, 0x54, 0x78, 
0xFF, 0xFF, 0xFF, 0xFF, 0xFF, 0xFF, 0x5C, 0x00, 0x00, 0x00, 0x73, 0xC0, 0x14, 0x00, 0x00, 0x00, 
0x00, 0x1C, 0xF3, 0xC8, 0x94, 0x00, 0x00, 0x00, 0x00, 0xA2, 0x9B, 0x24, 0xF5, 0x28, 0x00, 0x00, 
0x00, 0x22, 0x0A, 0x00, 0x1C, 0x10, 0x00, 0x69, 0xE0, 0xE0, 0xE0, 0xE0, 0xE0, 0xE0, 0x50, 0x78, 
0xFF, 0xFF, 0xFF, 0xFF, 0xFF, 0xFF, 0x5C, 0x78, 0xFF, 0xB7, 0x0C, 0x0C, 0x0C, 0x0C, 0x04, 0x78, 
0xFF, 0xB4, 0x00, 0x00, 0x00, 0x00, 0x00, 0x78, 0xFF, 0xF8, 0xE8, 0xE8, 0xE8, 0xD2, 0x00, 0x78, 
0xFF, 0xFF, 0xFF, 0xFF, 0xFF, 0xE8, 0x00, 0x78, 0xFF, 0xB6, 0x08, 0x08, 0x08, 0x07, 0x00, 0x78, 
0xFF, 0xB4, 0x00, 0x00, 0x00, 0x00, 0x00, 0x78, 0xFF, 0xFA, 0xEC, 0xEC, 0xEC, 0xEC, 0x54, 0x78, 
0xFF, 0xFF, 0xFF, 0xFF, 0xFF, 0xFF, 0x5C, 0x00, 0x00, 0x47, 0x40, 0x00, 0x61, 0x25, 0x00, 0x00, 
0x00, 0xDC, 0xD6, 0x18, 0xFF, 0x9A, 0x00, 0x00, 0x00, 0x2A, 0x24, 0x00, 0x3B, 0x12, 0x00, 0x69, 
0xE0, 0xE0, 0xE0, 0xE0, 0xE0, 0xE0, 0x50, 0x78, 0xFF, 0xFF, 0xFF, 0xFF, 0xFF, 0xFF, 0x5C, 0x78, 
0xFF, 0xB7, 0x0C, 0x0C, 0x0C, 0x0C, 0x04, 0x78, 0xFF, 0xB4, 0x00, 0x00, 0x00, 0x00, 0x00, 0x78, 
0xFF, 0xF8, 0xE8, 0xE8, 0xE8, 0xD2, 0x00, 0x78, 0xFF, 0xFF, 0xFF, 0xFF, 0xFF, 0xE8, 0x00, 0x78, 
0xFF, 0xB6, 0x08, 0x08, 0x08, 0x07, 0x00, 0x78, 0xFF, 0xB4, 0x00, 0x00, 0x00, 0x00, 0x00, 0x78, 
0xFF, 0xFA, 0xEC, 0xEC, 0xEC, 0xEC, 0x54, 0x78, 0xFF, 0xFF, 0xFF, 0xFF, 0xFF, 0xFF, 0x5C, 0x33, 
0x88, 0x3E, 0x00, 0x0E, 0xED, 0xB3, 0x00, 0x00, 0x76, 0xF8, 0x0C, 0x00, 0x09, 0x54, 0x13, 0x00, 
0x69, 0xE0, 0x9D, 0x00, 0x78, 0xFF, 0xB4, 0x00, 0x78, 0xFF, 0xB4, 0x00, 0x78, 0xFF, 0xB4, 0x00, 
0x78, 0xFF, 0xB4, 0x00, 0x78, 0xFF, 0xB4, 0x00, 0x78, 0xFF, 0xB4, 0x00, 0x78, 0xFF, 0xB4, 0x00, 
0x78, 0xFF, 0xB4, 0x00, 0x78, 0xFF, 0xB4, 0x00, 0x1C, 0x88, 0x52, 0x00, 0x75, 0xFF, 0x36, 0x00, 
0xC8, 0xAF, 0x00, 0x00, 0x52, 0x1C, 0x00, 0x69, 0xE0, 0x9D, 0x00, 0x78, 0xFF, 0xB4, 0x00, 0x78, 
0xFF, 0xB4, 0x00, 0x78, 0xFF, 0xB4, 0x00, 0x78, 0xFF, 0xB4, 0x00, 0x78, 0xFF, 0xB4, 0x00, 0x78, 
0xFF, 0xB4, 0x00, 0x78, 0xFF, 0xB4, 0x00, 0x78, 0xFF, 0xB4, 0x00, 0x78, 0xFF, 0xB4, 0x00, 0x00, 
0x00, 0x71, 0x73, 0x00, 0x00, 0x00, 0x36, 0xF0, 0xF0, 0x39, 0x00, 0x00, 0xC2, 0x78, 0x77, 0xC5, 
0x00, 0x0A, 0x54, 0x08, 0x07, 0x54, 0x0B, 0x00, 0x11, 0xE0, 0xE0, 0x11, 0x00, 0x00, 0x14, 0xFF, 
0xFF, 0x14, 0x00, 0x00, 0x14, 0xFF, 0xFF, 0x14, 0x00, 0x00, 0x14, 0xFF, 0xFF, 0x14, 0x00, 0x00, 
0x14, 0xFF, 0xFF, 0x14, 0x00, 0x00, 0x14, 0xFF, 0xFF, 0x14, 0x00, 0x00, 0x14, 0xFF, 0xFF, 0x14, 
0x00, 0x00, 0x14, 0xFF, 0xFF, 0x14, 0x00, 0x00, 0x14, 0xFF, 0xFF, 0x14, 0x00, 0x00, 0x14, 0xFF, 
0xFF, 0x14, 0x00, 0x01, 0x5F, 0x20, 0x12, 0x63, 0x0B, 0x20, 0xFF, 0x92, 0x60, 0xFF, 0x52, 0x00, 
0x41, 0x12, 0x09, 0x45, 0x05, 0x00, 0x03, 0xE0, 0xE0, 0x23, 0x00, 0x00, 0x04, 0xFF, 0xFF, 0x28, 
0x00, 0x00, 0x04, 0xFF, 0xFF, 0x28, 0x00, 0x00, 0x04, 0xFF, 0xFF, 0x28, 0x00, 0x00, 0x04, 0xFF, 
0xFF, 0x28, 0x00, 0x00, 0x04, 0xFF, 0xFF, 0x28, 0x00, 0x00, 0x04, 0xFF, 0xFF, 0x28, 0x00, 0x00, 
0x04, 0xFF, 0xFF, 0x28, 0x00, 0x00, 0x04, 0xFF, 0xFF, 0x28, 0x00, 0x00, 0x04, 0xFF, 0xFF, 0x28, 
0x00, 0x00, 0x00, 0x00, 0x01, 0x0D, 0x00, 0x06, 0x17, 0x00, 0x00, 0x00, 0x00, 0x0F, 0xD2, 0xFC, 
0x9E, 0x9A, 0x7F, 0x00, 0x00, 0x00, 0x00, 0x71, 0x8A, 0x4D, 0xC3, 0xC2, 0x16, 0x00, 0x00, 0x00, 
0x00, 0x16, 0x07, 0x00, 0x00, 0x00, 0x00, 0x00, 0x00, 0x69, 0xE0, 0xDF, 0x39, 0x00, 0x00, 0x00, 
0x93, 0xE0, 0x73, 0x78, 0xFF, 0xFF, 0xD7, 0x07, 0x00, 0x00, 0xA8, 0xFF, 0x84, 0x78, 0xFF, 0xFF, 
0xFF, 0x87, 0x00, 0x00, 0xA8, 0xFF, 0x84, 0x78, 0xFF, 0xDF, 0xFC, 0xFB, 0x33, 0x00, 0xA8, 0xFF, 
0x84, 0x78, 0xFF, 0xB4, 0x8A, 0xFF, 0xD2, 0x05, 0xA8, 0xFF, 0x84, 0x78, 0xFF, 0xB4, 0x08, 0xD9, 
0xFF, 0x80, 0xA8, 0xFF, 0x84, 0x78, 0xFF, 0xB4, 0x00, 0x3B, 0xFD, 0xFA, 0xD2, 0xFF, 0x84, 0x78, 
0xFF, 0xB4, 0x00, 0x00, 0x91, 0xFF, 0xFF, 0xFF, 0x84, 0x78, 0xFF, 0xB4, 0x00, 0x00, 0x0B, 0xDD, 
0xFF, 0xFF, 0x84, 0x78, 0xFF, 0xB4, 0x00, 0x00, 0x00, 0x41, 0xFE, 0xFF, 0x84, 0x00, 0x00, 0x00, 
0x75, 0xCC, 0x2D, 0x00, 0x00, 0x00, 0x00, 0x00, 0x00, 0x00, 0x00, 0x22, 0xFA, 0x82, 0x00, 0x00, 
0x00, 0x00, 0x00, 0x00, 0x00, 0x00, 0x00, 0x99, 0xD4, 0x00, 0x00, 0x00, 0x00, 0x00, 0x00, 0x00, 
0x00, 0x00, 0x06, 0x19, 0x00, 0x00, 0x00, 0x00, 0x00, 0x00, 0x00, 0x36, 0xB5, 0xF6, 0xFF, 0xE8, 
0x94, 0x15, 0x00, 0x00, 0x00, 0x54, 0xFA, 0xFF, 0xFF, 0xFF, 0xFF, 0xFF, 0xE1, 0x1D, 0x00, 0x18, 
0xF4, 0xFF, 0xCB, 0x4A, 0x2D, 0x66, 0xEB, 0xFF, 0xBC, 0x00, 0x75, 0xFF, 0xE1, 0x0C, 0x00, 0x00, 
0x00, 0x3A, 0xFE, 0xFF, 0x24, 0xA3, 0xFF, 0x91, 0x00, 0x00, 0x00, 0x00, 0x00, 0xDA, 0xFF, 0x53, 
0xA7, 0xFF, 0x8B, 0x00, 0x00, 0x00, 0x00, 0x00, 0xD3, 0xFF, 0x56, 0x7F, 0xFF, 0xD4, 0x04, 0x00, 
0x00, 0x00, 0x28, 0xFB, 0xFF, 0x2F, 0x24, 0xFB, 0xFF, 0xAE, 0x26, 0x08, 0x41, 0xD9, 0xFF, 0xCF, 
0x00, 0x00, 0x71, 0xFF, 0xFF, 0xFF, 0xFF, 0xFF, 0xFF, 0xF1, 0x2F, 0x00, 0x00, 0x00, 0x55, 0xD9, 
0xFF, 0xFF, 0xFD, 0xB8, 0x29, 0x00, 0x00, 0x00, 0x00, 0x00, 0x00, 0x1B, 0x2A, 0x0F, 0x00, 0x00, 
0x00, 0x00, 0x00, 0x00, 0x00, 0x00, 0x00, 0x6D, 0xCC, 0x35, 0x00, 0x00, 0x00, 0x00, 0x00, 0x00, 
0x00, 0x00, 0xD3, 0xCB, 0x00, 0x00, 0x00, 0x00, 0x00, 0x00, 0x00, 0x00, 0x24, 0xFF, 0x48, 0x00, 
0x00, 0x00, 0x00, 0x00, 0x00, 0x00, 0x00, 0x06, 0x19, 0x00, 0x00, 0x00, 0x00, 0x00, 0x00, 0x00, 
0x36, 0xB5, 0xF6, 0xFF, 0xE8, 0x94, 0x15, 0x00, 0x00, 0x00, 0x54, 0xFA, 0xFF, 0xFF, 0xFF, 0xFF, 
0xFF, 0xE1, 0x1D, 0x00, 0x18, 0xF4, 0xFF, 0xCB, 0x4A, 0x2D, 0x66, 0xEB, 0xFF, 0xBC, 0x00, 0x75, 
0xFF, 0xE1, 0x0C, 0x00, 0x00, 0x00, 0x3A, 0xFE, 0xFF, 0x24, 0xA3, 0xFF, 0x91, 0x00, 0x00, 0x00, 
0x00, 0x00, 0xDA, 0xFF, 0x53, 0xA7, 0xFF, 0x8B, 0x00, 0x00, 0x00, 0x00, 0x00, 0xD3, 0xFF, 0x56, 
0x7F, 0xFF, 0xD4, 0x04, 0x00, 0x00, 0x00, 0x28, 0xFB, 0xFF, 0x2F, 0x24, 0xFB, 0xFF, 0xAE, 0x26, 
0x08, 0x41, 0xD9, 0xFF, 0xCF, 0x00, 0x00, 0x71, 0xFF, 0xFF, 0xFF, 0xFF, 0xFF, 0xFF, 0xF1, 0x2F, 
0x00, 0x00, 0x00, 0x55, 0xD9, 0xFF, 0xFF, 0xFD, 0xB8, 0x29, 0x00, 0x00, 0x00, 0x00, 0x00, 0x00, 
0x1B, 0x2A, 0x0F, 0x00, 0x00, 0x00, 0x00, 0x00, 0x00, 0x00, 0x00, 0x5E, 0xC3, 0x23, 0x00, 0x00, 
0x00, 0x00, 0x00, 0x00, 0x00, 0x0E, 0xEA, 0xC6, 0xAC, 0x00, 0x00, 0x00, 0x00, 0x00, 0x00, 0x00, 
0x88, 0xB6, 0x15, 0xF1, 0x3C, 0x00, 0x00, 0x00, 0x00, 0x00, 0x00, 0x1E, 0x0E, 0x05, 0x19, 0x13, 
0x00, 0x00, 0x00, 0x00, 0x00, 0x36, 0xB5, 0xF6, 0xFF, 0xE8, 0x94, 0x15, 0x00, 0x00, 0x00, 0x54, 
0xFA, 0xFF, 0xFF, 0xFF, 0xFF, 0xFF, 0xE1, 0x1D, 0x00, 0x18, 0xF4, 0xFF, 0xCB, 0x4A, 0x2D, 0x66, 
0xEB, 0xFF, 0xBC, 0x00, 0x75, 0xFF, 0xE1, 0x0C, 0x00, 0x00, 0x00, 0x3A, 0xFE, 0xFF, 0x24, 0xA3, 
0xFF, 0x91, 0x00, 0x00, 0x00, 0x00, 0x00, 0xDA, 0xFF, 0x53, 0xA7, 0xFF, 0x8B, 0x00, 0x00, 0x00, 
0x00, 0x00, 0xD3, 0xFF, 0x56, 0x7F, 0xFF, 0xD4, 0x04, 0x00, 0x00, 0x00, 0x28, 0xFB, 0xFF, 0x2F, 
0x24, 0xFB, 0xFF, 0xAE, 0x26, 0x08, 0x41, 0xD9, 0xFF, 0xCF, 0x00, 0x00, 0x71, 0xFF, 0xFF, 0xFF, 
0xFF, 0xFF, 0xFF, 0xF1, 0x2F, 0x00, 0x00, 0x00, 0x55, 0xD9, 0xFF, 0xFF, 0xFD, 0xB8, 0x29, 0x00, 
0x00, 0x00, 0x00, 0x00, 0x00, 0x1B, 0x2A, 0x0F, 0x00, 0x00, 0x00, 0x00, 0x00, 0x00, 0x00, 0x00, 
0x0E, 0x00, 0x00, 0x1D, 0x00, 0x00, 0x00, 0x00, 0x00, 0x00, 0x92, 0xFF, 0xC8, 0x71, 0xC6, 0x00, 
0x00, 0x00, 0x00, 0x00, 0x1E, 0xCA, 0x3E, 0x9F, 0xD8, 0x47, 0x00, 0x00, 0x00, 0x00, 0x00, 0x08, 
0x15, 0x00, 0x05, 0x00, 0x00, 0x00, 0x00, 0x00, 0x00, 0x00, 0x36, 0xB5, 0xF6, 0xFF, 0xE8, 0x94, 
0x15, 0x00, 0x00, 0x00, 0x54, 0xFA, 0xFF, 0xFF, 0xFF, 0xFF, 0xFF, 0xE1, 0x1D, 0x00, 0x18, 0xF4, 
0xFF, 0xCB, 0x4A, 0x2D, 0x66, 0xEB, 0xFF, 0xBC, 0x00, 0x75, 0xFF, 0xE1, 0x0C, 0x00, 0x00, 0x00, 
0x3A, 0xFE, 0xFF, 0x24, 0xA3, 0xFF, 0x91, 0x00, 0x00, 0x00, 0x00, 0x00, 0xDA, 0xFF, 0x53, 0xA7, 
0xFF, 0x8B, 0x00, 0x00, 0x00, 0x00, 0x00, 0xD3, 0xFF, 0x56, 0x7F, 0xFF, 0xD4, 0x04, 0x00, 0x00, 
0x00, 0x28, 0xFB, 0xFF, 0x2F, 0x24, 0xFB, 0xFF, 0xAE, 0x26, 0x08, 0x41, 0xD9, 0xFF, 0xCF, 0x00, 
0x00, 0x71, 0xFF, 0xFF, 0xFF, 0xFF, 0xFF, 0xFF, 0xF1, 0x2F, 0x00, 0x00, 0x00, 0x55, 0xD9, 0xFF, 
0xFF, 0xFD, 0xB8, 0x29, 0x00, 0x00, 0x00, 0x00, 0x00, 0x00, 0x1B, 0x2A, 0x0F, 0x00, 0x00, 0x00, 
0x00, 0x00, 0x00, 0x00, 0x34, 0x2F, 0x00, 0x49, 0x19, 0x00, 0x00, 0x00, 0x00, 0x00, 0x00, 0xDC, 
0xDB, 0x18, 0xFF, 0x9B, 0x00, 0x00, 0x00, 0x00, 0x00, 0x00, 0x3C, 0x37, 0x06, 0x53, 0x1E, 0x00, 
0x00, 0x00, 0x00, 0x00, 0x36, 0xB5, 0xF6, 0xFF, 0xE8, 0x94, 0x15, 0x00, 0x00, 0x00, 0x54, 0xFA, 
0xFF, 0xFF, 0xFF, 0xFF, 0xFF, 0xE1, 0x1D, 0x00, 0x18, 0xF4, 0xFF, 0xCB, 0x4A, 0x2D, 0x66, 0xEB, 
0xFF, 0xBC, 0x00, 0x75, 0xFF, 0xE1, 0x0C, 0x00, 0x00, 0x00, 0x3A, 0xFE, 0xFF, 0x24, 0xA3, 0xFF, 
0x91, 0x00, 0x00, 0x00, 0x00, 0x00, 0xDA, 0xFF, 0x53, 0xA7, 0xFF, 0x8B, 0x00, 0x00, 0x00, 0x00, 
0x00, 0xD3, 0xFF, 0x56, 0x7F, 0xFF, 0xD4, 0x04, 0x00, 0x00, 0x00, 0x28, 0xFB, 0xFF, 0x2F, 0x24, 
0xFB, 0xFF, 0xAE, 0x26, 0x08, 0x41, 0xD9, 0xFF, 0xCF, 0x00, 0x00, 0x71, 0xFF, 0xFF, 0xFF, 0xFF, 
0xFF, 0xFF, 0xF1, 0x2F, 0x00, 0x00, 0x00, 0x55, 0xD9, 0xFF, 0xFF, 0xFD, 0xB8, 0x29, 0x00, 0x00, 
0x00, 0x00, 0x00, 0x00, 0x1B, 0x2A, 0x0F, 0x00, 0x00, 0x00, 0x00, 0x00, 0x7F, 0x69, 0x00, 0x00, 
0x29, 0xB1, 0x0F, 0x38, 0xFF, 0xFE, 0x6A, 0x2A, 0xE8, 0xFF, 0x93, 0x00, 0x71, 0xFF, 0xFF, 0xF0, 
0xFF, 0xBF, 0x0A, 0x00, 0x00, 0x89, 0xFF, 0xFF, 0xD7, 0x0A, 0x00, 0x00, 0x28, 0xE7, 0xFF, 0xFF, 
0xFE, 0x6A, 0x00, 0x26, 0xE7, 0xFF, 0xBD, 0x78, 0xFF, 0xFF, 0x69, 0x12, 0xCE, 0xBD, 0x0A, 0x00, 
0x71, 0xF5, 0x43, 0x00, 0x11, 0x0A, 0x00, 0x00, 0x00, 0x1B, 0x00, 0x00, 0x00, 0x00, 0x00, 0x00, 
0x00, 0x00, 0x14, 0x70, 0x69, 0x01, 0x00, 0x00, 0x00, 0x00, 0x00, 0x06, 0x00, 0x94, 0xFF, 0x90, 
0x00, 0x00, 0x00, 0x36, 0xB5, 0xF6, 0xFF, 0xE6, 0xFA, 0xF0, 0x13, 0x00, 0x00, 0x54, 0xFA, 0xFF, 
0xFF, 0xFF, 0xFF, 0xFF, 0xE7, 0x20, 0x00, 0x18, 0xF4, 0xFF, 0xCB, 0x4A, 0x64, 0xFF, 0xFF, 0xFF, 
0xC0, 0x00, 0x75, 0xFF, 0xE1, 0x0C, 0x01, 0xCA, 0xFF, 0x8F, 0xFE, 0xFF, 0x25, 0xA3, 0xFF, 0x91, 
0x00, 0x58, 0xFF, 0xCA, 0x01, 0xD8, 0xFF, 0x52, 0xA5, 0xFF, 0x8A, 0x06, 0xDE, 0xFF, 0x3F, 0x00, 
0xD3, 0xFF, 0x56, 0x7C, 0xFF, 0xD5, 0x77, 0xFF, 0xB2, 0x00, 0x28, 0xFB, 0xFF, 0x2F, 0x22, 0xF9, 
0xFF, 0xFE, 0xFD, 0x31, 0x41, 0xD9, 0xFF, 0xCF, 0x00, 0x00, 0x6E, 0xFF, 0xFF, 0xFF, 0xFF, 0xFF, 
0xFF, 0xF1, 0x2F, 0x00, 0x00, 0x1E, 0xF9, 0xFD, 0xFF, 0xFF, 0xFD, 0xB8, 0x29, 0x00, 0x00, 0x00, 
0xA4, 0xFF, 0x7C, 0x0D, 0x29, 0x0F, 0x00, 0x00, 0x00, 0x00, 0x09, 0x82, 0x82, 0x09, 0x00, 0x00, 
0x00, 0x00, 0x00, 0x00, 0x00, 0x00, 0x00, 0x0C, 0x77, 0x56, 0x00, 0x00, 0x00, 0x00, 0x00, 0x00, 
0x00, 0x00, 0xB9, 0xEF, 0x05, 0x00, 0x00, 0x00, 0x00, 0x00, 0x00, 0x00, 0x35, 0xFF, 0x49, 0x00, 
0x00, 0x00, 0x00, 0x00, 0x00, 0x00, 0x00, 0x55, 0x33, 0x00, 0x00, 0x00, 0x00, 0x69, 0xE0, 0x9D, 
0x00, 0x00, 0x00, 0x00, 0xDC, 0xE0, 0x2A, 0x78, 0xFF, 0xB4, 0x00, 0x00, 0x00, 0x00, 0xFC, 0xFF, 
0x30, 0x78, 0xFF, 0xB4, 0x00, 0x00, 0x00, 0x00, 0xFC, 0xFF, 0x30, 0x78, 0xFF, 0xB4, 0x00, 0x00, 
0x00, 0x00, 0xFC, 0xFF, 0x30, 0x78, 0xFF, 0xB4, 0x00, 0x00, 0x00, 0x00, 0xFC, 0xFF, 0x30, 0x71, 
0xFF, 0xC0, 0x00, 0x00, 0x00, 0x09, 0xFF, 0xFF, 0x28, 0x54, 0xFF, 0xEC, 0x07, 0x00, 0x00, 0x3E, 
0xFF, 0xFD, 0x0D, 0x14, 0xF8, 0xFF, 0x97, 0x10, 0x25, 0xCF, 0xFF, 0xC1, 0x00, 0x00, 0x81, 0xFF, 
0xFF, 0xFF, 0xFF, 0xFF, 0xFB, 0x3A, 0x00, 0x00, 0x01, 0x7A, 0xF1, 0xFF, 0xFF, 0xD9, 0x44, 0x00, 
0x00, 0x00, 0x00, 0x00, 0x06, 0x27, 0x1F, 0x00, 0x00, 0x00, 0x00, 0x00, 0x00, 0x00, 0x00, 0x07, 
0x77, 0x5D, 0x00, 0x00, 0x00, 0x00, 0x00, 0x00, 0x00, 0x4B, 0xFF, 0x66, 0x00, 0x00, 0x00, 0x00, 
0x00, 0x00, 0x00, 0x9C, 0xDC, 0x04, 0x00, 0x00, 0x00, 0x00, 0x00, 0x00, 0x00, 0x53, 0x34, 0x00, 
0x00, 0x00, 0x00, 0x69, 0xE0, 0x9D, 0x00, 0x00, 0x00, 0x00, 0xDC, 0xE0, 0x2A, 0x78, 0xFF, 0xB4, 
0x00, 0x00, 0x00, 0x00, 0xFC, 0xFF, 0x30, 0x78, 0xFF, 0xB4, 0x00, 0x00, 0x00, 0x00, 0xFC, 0xFF, 
0x30, 0x78, 0xFF, 0xB4, 0x00, 0x00, 0x00, 0x00, 0xFC, 0xFF, 0x30, 0x78, 0xFF, 0xB4, 0x00, 0x00, 
0x00, 0x00, 0xFC, 0xFF, 0x30, 0x71, 0xFF, 0xC0, 0x00, 0x00, 0x00, 0x09, 0xFF, 0xFF, 0x28, 0x54, 
0xFF, 0xEC, 0x07, 0x00, 0x00, 0x3E, 0xFF, 0xFD, 0x0D, 0x14, 0xF8, 0xFF, 0x97, 0x10, 0x25, 0xCF, 
0xFF, 0xC1, 0x00, 0x00, 0x81, 0xFF, 0xFF, 0xFF, 0xFF, 0xFF, 0xFB, 0x3A, 0x00, 0x00, 0x01, 0x7A, 
0xF1, 0xFF, 0xFF, 0xD9, 0x44, 0x00, 0x00, 0x00, 0x00, 0x00, 0x06, 0x27, 0x1F, 0x00, 0x00, 0x00, 
0x00, 0x00, 0x00, 0x00, 0x00, 0x63, 0x43, 0x00, 0x00, 0x00, 0x00, 0x00, 0x00, 0x00, 0x49, 0xF2, 
0xEE, 0x11, 0x00, 0x00, 0x00, 0x00, 0x00, 0x03, 0xD3, 0x64, 0xB2, 0x8B, 0x00, 0x00, 0x00, 0x00, 
0x00, 0x1D, 0x73, 0x03, 0x21, 0x70, 0x01, 0x00, 0x00, 0x69, 0xE0, 0x9D, 0x00, 0x00, 0x00, 0x00, 
0xDC, 0xE0, 0x2A, 0x78, 0xFF, 0xB4, 0x00, 0x00, 0x00, 0x00, 0xFC, 0xFF, 0x30, 0x78, 0xFF, 0xB4, 
0x00, 0x00, 0x00, 0x00, 0xFC, 0xFF, 0x30, 0x78, 0xFF, 0xB4, 0x00, 0x00, 0x00, 0x00, 0xFC, 0xFF, 
0x30, 0x78, 0xFF, 0xB4, 0x00, 0x00, 0x00, 0x00, 0xFC, 0xFF, 0x30, 0x71, 0xFF, 0xC0, 0x00, 0x00, 
0x00, 0x09, 0xFF, 0xFF, 0x28, 0x54, 0xFF, 0xEC, 0x07, 0x00, 0x00, 0x3E, 0xFF, 0xFD, 0x0D, 0x14, 
0xF8, 0xFF, 0x97, 0x10, 0x25, 0xCF, 0xFF, 0xC1, 0x00, 0x00, 0x81, 0xFF, 0xFF, 0xFF, 0xFF, 0xFF, 
0xFB, 0x3A, 0x00, 0x00, 0x01, 0x7A, 0xF1, 0xFF, 0xFF, 0xD9, 0x44, 0x00, 0x00, 0x00, 0x00, 0x00, 
0x06, 0x27, 0x1F, 0x00, 0x00, 0x00, 0x00, 0x00, 0x00, 0x0F, 0x5F, 0x0C, 0x24, 0x58, 0x00, 0x00, 
0x00, 0x00, 0x00, 0x5C, 0xFF, 0x57, 0xA3, 0xFF, 0x1F, 0x00, 0x00, 0x00, 0x00, 0x0A, 0x49, 0x06, 
0x18, 0x42, 0x00, 0x00, 0x00, 0x69, 0xE0, 0x9D, 0x00, 0x00, 0x00, 0x00, 0xDC, 0xE0, 0x2A, 0x78, 
0xFF, 0xB4, 0x00, 0x00, 0x00, 0x00, 0xFC, 0xFF, 0x30, 0x78, 0xFF, 0xB4, 0x00, 0x00, 0x00, 0x00, 
0xFC, 0xFF, 0x30, 0x78, 0xFF, 0xB4, 0x00, 0x00, 0x00, 0x00, 0xFC, 0xFF, 0x30, 0x78, 0xFF, 0xB4, 
0x00, 0x00, 0x00, 0x00, 0xFC, 0xFF, 0x30, 0x71, 0xFF, 0xC0, 0x00, 0x00, 0x00, 0x09, 0xFF, 0xFF, 
0x28, 0x54, 0xFF, 0xEC, 0x07, 0x00, 0x00, 0x3E, 0xFF, 0xFD, 0x0D, 0x14, 0xF8, 0xFF, 0x97, 0x10, 
0x25, 0xCF, 0xFF, 0xC1, 0x00, 0x00, 0x81, 0xFF, 0xFF, 0xFF, 0xFF, 0xFF, 0xFB, 0x3A, 0x00, 0x00, 
0x01, 0x7A, 0xF1, 0xFF, 0xFF, 0xD9, 0x44, 0x00, 0x00, 0x00, 0x00, 0x00, 0x06, 0x27, 0x1F, 0x00, 
0x00, 0x00, 0x00, 0x00, 0x00, 0x00, 0x00, 0x00, 0x24, 0x44, 0x14, 0x00, 0x00, 0x00, 0x00, 0x00, 
0x00, 0x00, 0x00, 0xBF, 0xEC, 0x0D, 0x00, 0x00, 0x00, 0x00, 0x00, 0x00, 0x00, 0x14, 0xFC, 0x76, 
0x00, 0x00, 0x00, 0x00, 0x00, 0x00, 0x00, 0x00, 0x32, 0x99, 0x0A, 0x00, 0x00, 0x00, 0x00, 0x8E, 
0xE0, 0xAE, 0x00, 0x00, 0x00, 0x00, 0x54, 0xE0, 0xD5, 0x13, 0x1F, 0xF6, 0xFF, 0x4E, 0x00, 0x00, 
0x09, 0xE1, 0xFF, 0x7B, 0x00, 0x00, 0x7E, 0xFF, 0xDA, 0x05, 0x00, 0x7D, 0xFF, 0xDB, 0x07, 0x00, 
0x00, 0x08, 0xDF, 0xFF, 0x71, 0x1A, 0xF4, 0xFF, 0x4B, 0x00, 0x00, 0x00, 0x00, 0x51, 0xFF, 0xEF, 
0xB0, 0xFF, 0xB3, 0x00, 0x00, 0x00, 0x00, 0x00, 0x00, 0xBA, 0xFF, 0xFF, 0xF8, 0x23, 0x00, 0x00, 
0x00, 0x00, 0x00, 0x00, 0x28, 0xFB, 0xFF, 0x84, 0x00, 0x00, 0x00, 0x00, 0x00, 0x00, 0x00, 0x00, 
0xE4, 0xFF, 0x44, 0x00, 0x00, 0x00, 0x00, 0x00, 0x00, 0x00, 0x00, 0xE4, 0xFF, 0x44, 0x00, 0x00, 
0x00, 0x00, 0x00, 0x00, 0x00, 0x00, 0xE4, 0xFF, 0x44, 0x00, 0x00, 0x00, 0x00, 0x00, 0x00, 0x00, 
0x33, 0x69, 0x5C, 0x24, 0x00, 0x00, 0x00, 0x00, 0x09, 0xAE, 0xFF, 0xFF, 0xFF, 0xFE, 0x73, 0x00, 
0x00, 0x00, 0x94, 0xFF, 0xDA, 0x75, 0x74, 0xED, 0xFC, 0x20, 0x00, 0x10, 0xF8, 0xF0, 0x15, 0x00, 
0x00, 0x85, 0xFF, 0x61, 0x00, 0x49, 0xFF, 0xA9, 0x00, 0x00, 0x07, 0xB2, 0xFF, 0x51, 0x00, 0x6A, 
0xFF, 0x86, 0x01, 0x6E, 0xE0, 0xFF, 0x9F, 0x04, 0x00, 0x76, 0xFF, 0x7C, 0x6E, 0xFF, 0xDA, 0x38, 
0x00, 0x00, 0x00, 0x78, 0xFF, 0x7C, 0xA8, 0xFF, 0x63, 0x00, 0x00, 0x00, 0x00, 0x78, 0xFF, 0x7C, 
0x6A, 0xFF, 0xF5, 0xB3, 0x71, 0x20, 0x00, 0x78, 0xFF, 0x7C, 0x00, 0x4C, 0xA4, 0xE0, 0xFF, 0xF7, 
0x3B, 0x78, 0xFF, 0x7C, 0x00, 0x25, 0x00, 0x00, 0x76, 0xFF, 0x9A, 0x78, 0xFF, 0x7C, 0x74, 0xFE, 
0xCE, 0xAE, 0xE7, 0xFF, 0x72, 0x78, 0xFF, 0x7C, 0x42, 0xCF, 0xFF, 0xFF, 0xF9, 0x93, 0x03, 0x78, 
0xFF, 0x7C, 0x00, 0x00, 0x17, 0x27, 0x0A, 0x00, 0x00, 0x63, 0xD4, 0x66, 0x00, 0x00, 0x00, 0x00, 
0x00, 0x00, 0x00, 0x00, 0x00, 0x39, 0x88, 0x35, 0x00, 0x00, 0x00, 0x00, 0x00, 0x14, 0xF2, 0xA4, 
0x00, 0x00, 0x00, 0x00, 0x00, 0x00, 0x82, 0xF0, 0x06, 0x00, 0x00, 0x00, 0x00, 0x00, 0x0D, 0x54, 
0x0F, 0x00, 0x00, 0x00, 0x38, 0xA2, 0xDC, 0xE9, 0xAC, 0x19, 0x00, 0x00, 0xB8, 0xFF, 0xF9, 0xFC, 
0xFF, 0xB5, 0x00, 0x00, 0x2B, 0x39, 0x03, 0x24, 0xFF, 0xF9, 0x02, 0x00, 0x48, 0xA5, 0xC2, 0xC4, 
0xFD, 0xFF, 0x13, 0x63, 0xFF, 0xDA, 0x9A, 0x98, 0xFD, 0xFF, 0x14, 0xCB, 0xFF, 0x36, 0x00, 0x2E, 
0xFF, 0xFF, 0x14, 0xC9, 0xFF, 0xAD, 0x69, 0xDC, 0xFF, 0xFF, 0x14, 0x3E, 0xE8, 0xFF, 0xFA, 0x83, 
0xF8, 0xFF, 0x14, 0x00, 0x06, 0x27, 0x0F, 0x00, 0x00, 0x00, 0x00, 0x00, 0x00, 0x00, 0x00, 0x3C, 
0x88, 0x35, 0x00, 0x00, 0x00, 0x00, 0x00, 0xB1, 0xEE, 0x0F, 0x00, 0x00, 0x00, 0x00, 0x0C, 0xF7, 
0x79, 0x00, 0x00, 0x00, 0x00, 0x00, 0x13, 0x54, 0x0A, 0x00, 0x00, 0x00, 0x38, 0xA2, 0xDC, 0xE9, 
0xAC, 0x19, 0x00, 0x00, 0xB8, 0xFF, 0xF9, 0xFC, 0xFF, 0xB5, 0x00, 0x00, 0x2B, 0x39, 0x03, 0x24, 
0xFF, 0xF9, 0x02, 0x00, 0x48, 0xA5, 0xC2, 0xC4, 0xFD, 0xFF, 0x13, 0x63, 0xFF, 0xDA, 0x9A, 0x98, 
0xFD, 0xFF, 0x14, 0xCB, 0xFF, 0x36, 0x00, 0x2E, 0xFF, 0xFF, 0x14, 0xC9, 0xFF, 0xAD, 0x69, 0xDC, 
0xFF, 0xFF, 0x14, 0x3E, 0xE8, 0xFF, 0xFA, 0x83, 0xF8, 0xFF, 0x14, 0x00, 0x06, 0x27, 0x0F, 0x00, 
0x00, 0x00, 0x00, 0x00, 0x00, 0x00, 0x42, 0x81, 0x08, 0x00, 0x00, 0x00, 0x00, 0x08, 0xE1, 0xEB, 
0x76, 0x00, 0x00, 0x00, 0x00, 0x76, 0xC7, 0x3F, 0xEF, 0x13, 0x00, 0x00, 0x00, 0x57, 0x28, 0x00, 
0x58, 0x29, 0x00, 0x00, 0x38, 0xA2, 0xDC, 0xE9, 0xAC, 0x19, 0x00, 0x00, 0xB8, 0xFF, 0xF9, 0xFC, 
0xFF, 0xB5, 0x00, 0x00, 0x2B, 0x39, 0x03, 0x24, 0xFF, 0xF9, 0x02, 0x00, 0x48, 0xA5, 0xC2, 0xC4, 
0xFD, 0xFF, 0x13, 0x63, 0xFF, 0xDA, 0x9A, 0x98, 0xFD, 0xFF, 0x14, 0xCB, 0xFF, 0x36, 0x00, 0x2E, 
0xFF, 0xFF, 0x14, 0xC9, 0xFF, 0xAD, 0x69, 0xDC, 0xFF, 0xFF, 0x14, 0x3E, 0xE8, 0xFF, 0xFA, 0x83, 
0xF8, 0xFF, 0x14, 0x00, 0x06, 0x27, 0x0F, 0x00, 0x00, 0x00, 0x00, 0x00, 0x02, 0x8F, 0xC5, 0x59, 
0x5B, 0x7C, 0x00, 0x00, 0x57, 0xC5, 0x92, 0xF7, 0xF6, 0x32, 0x00, 0x00, 0x39, 0x1A, 0x00, 0x12, 
0x14, 0x00, 0x00, 0x00, 0x38, 0xA2, 0xDC, 0xE9, 0xAC, 0x19, 0x00, 0x00, 0xB8, 0xFF, 0xF9, 0xFC, 
0xFF, 0xB5, 0x00, 0x00, 0x2B, 0x39, 0x03, 0x24, 0xFF, 0xF9, 0x02, 0x00, 0x48, 0xA5, 0xC2, 0xC4, 
0xFD, 0xFF, 0x13, 0x63, 0xFF, 0xDA, 0x9A, 0x98, 0xFD, 0xFF, 0x14, 0xCB, 0xFF, 0x36, 0x00, 0x2E, 
0xFF, 0xFF, 0x14, 0xC9, 0xFF, 0xAD, 0x69, 0xDC, 0xFF, 0xFF, 0x14, 0x3E, 0xE8, 0xFF, 0xFA, 0x83, 
0xF8, 0xFF, 0x14, 0x00, 0x06, 0x27, 0x0F, 0x00, 0x00, 0x00, 0x00, 0x00, 0x02, 0x69, 0x2B, 0x13, 
0x6F, 0x13, 0x00, 0x00, 0x21, 0xFF, 0x9D, 0x5D, 0xFF, 0x5D, 0x00, 0x00, 0x00, 0x33, 0x10, 0x04, 
0x39, 0x04, 0x00, 0x00, 0x38, 0xA2, 0xDC, 0xE9, 0xAC, 0x19, 0x00, 0x00, 0xB8, 0xFF, 0xF9, 0xFC, 
0xFF, 0xB5, 0x00, 0x00, 0x2B, 0x39, 0x03, 0x24, 0xFF, 0xF9, 0x02, 0x00, 0x48, 0xA5, 0xC2, 0xC4, 
0xFD, 0xFF, 0x13, 0x63, 0xFF, 0xDA, 0x9A, 0x98, 0xFD, 0xFF, 0x14, 0xCB, 0xFF, 0x36, 0x00, 0x2E, 
0xFF, 0xFF, 0x14, 0xC9, 0xFF, 0xAD, 0x69, 0xDC, 0xFF, 0xFF, 0x14, 0x3E, 0xE8, 0xFF, 0xFA, 0x83, 
0xF8, 0xFF, 0x14, 0x00, 0x06, 0x27, 0x0F, 0x00, 0x00, 0x00, 0x00, 0x00, 0x00, 0x00, 0x0C, 0x27, 
0x00, 0x00, 0x00, 0x00, 0x00, 0x0F, 0xDE, 0xDB, 0x82, 0x00, 0x00, 0x00, 0x00, 0x32, 0xCE, 0x53, 
0xC4, 0x00, 0x00, 0x00, 0x00, 0x01, 0x94, 0xCC, 0x3F, 0x00, 0x00, 0x00, 0x38, 0xA2, 0xDC, 0xE9, 
0xAC, 0x19, 0x00, 0x00, 0xB8, 0xFF, 0xF9, 0xFC, 0xFF, 0xB5, 0x00, 0x00, 0x2B, 0x39, 0x03, 0x24, 
0xFF, 0xF9, 0x02, 0x00, 0x48, 0xA5, 0xC2, 0xC4, 0xFD, 0xFF, 0x13, 0x63, 0xFF, 0xDA, 0x9A, 0x98, 
0xFD, 0xFF, 0x14, 0xCB, 0xFF, 0x36, 0x00, 0x2E, 0xFF, 0xFF, 0x14, 0xC9, 0xFF, 0xAD, 0x69, 0xDC, 
0xFF, 0xFF, 0x14, 0x3E, 0xE8, 0xFF, 0xFA, 0x83, 0xF8, 0xFF, 0x14, 0x00, 0x06, 0x27, 0x0F, 0x00, 
0x00, 0x00, 0x00, 0x00, 0x38, 0xA2, 0xDC, 0xEC, 0xB7, 0x1E, 0x65, 0xCD, 0xED, 0xD2, 0x65, 0x00, 
0x00, 0x00, 0xB8, 0xFF, 0xF9, 0xFC, 0xFF, 0xF0, 0xFF, 0xFF, 0xE9, 0xFC, 0xFF, 0x74, 0x00, 0x00, 
0x2B, 0x39, 0x03, 0x24, 0xFF, 0xFF, 0xFA, 0x43, 0x00, 0x2B, 0xF8, 0xEF, 0x03, 0x00, 0x48, 0xA5, 
0xC2, 0xC4, 0xFD, 0xFF, 0xFA, 0xE8, 0xE8, 0xE8, 0xFC, 0xFF, 0x25, 0x63, 0xFF, 0xDA, 0x9A, 0x98, 
0xFD, 0xFF, 0xE2, 0xAC, 0xAC, 0xAC, 0xAC, 0xAC, 0x1D, 0xCB, 0xFF, 0x36, 0x00, 0x2E, 0xFF, 0xFF, 
0xE6, 0x15, 0x00, 0x10, 0x6A, 0x0A, 0x00, 0xC9, 0xFF, 0xAD, 0x69, 0xDC, 0xFF, 0xFF, 0xFF, 0xEB, 
0xB4, 0xE7, 0xFF, 0xB3, 0x00, 0x3E, 0xE8, 0xFF, 0xFA, 0x83, 0xF8, 0xFF, 0xA3, 0xFB, 0xFF, 0xFD, 
0xAB, 0x14, 0x00, 0x00, 0x06, 0x27, 0x0F, 0x00, 0x00, 0x00, 0x00, 0x08, 0x27, 0x10, 0x00, 0x00, 
0x00, 0x00, 0x0A, 0x87, 0xDA, 0xEB, 0xC0, 0x4A, 0x00, 0x05, 0xC4, 0xFF, 0xFD, 0xF0, 0xFF, 0xFF, 
0x63, 0x60, 0xFF, 0xD9, 0x1D, 0x00, 0x5C, 0x8C, 0x14, 0xA1, 0xFF, 0x66, 0x00, 0x00, 0x00, 0x00, 
0x00, 0x9F, 0xFF, 0x5B, 0x00, 0x00, 0x00, 0x00, 0x00, 0x6E, 0xFF, 0xBD, 0x05, 0x00, 0x2F, 0x54, 
0x01, 0x0A, 0xE0, 0xFF, 0xDC, 0xB8, 0xF3, 0xFF, 0x73, 0x00, 0x1C, 0xB9, 0xFD, 0xFF, 0xF2, 0x83, 
0x04, 0x00, 0x00, 0x00, 0x62, 0xC6, 0x2F, 0x00, 0x00, 0x00, 0x00, 0x42, 0x4F, 0x54, 0x9B, 0x00, 
0x00, 0x00, 0x00, 0x18, 0xB0, 0xB7, 0x2F, 0x00, 0x00, 0x00, 0x00, 0x4C, 0x88, 0x22, 0x00, 0x00, 
0x00, 0x00, 0x00, 0x2C, 0xFD, 0x80, 0x00, 0x00, 0x00, 0x00, 0x00, 0x00, 0xA4, 0xD3, 0x00, 0x00, 
0x00, 0x00, 0x00, 0x00, 0x18, 0x53, 0x03, 0x00, 0x00, 0x00, 0x09, 0x85, 0xD9, 0xED, 0xC1, 0x3F, 
0x00, 0x04, 0xC1, 0xFF, 0xFB, 0xEA, 0xFF, 0xFB, 0x3C, 0x5F, 0xFF, 0xE1, 0x1D, 0x00, 0x5F, 0xFF, 
0xB7, 0xA1, 0xFF, 0xF4, 0xE8, 0xE8, 0xEA, 0xFF, 0xE9, 0xA7, 0xFF, 0xCE, 0xAC, 0xAC, 0xAC, 0xAC, 
0xA1, 0x75, 0xFF, 0xB9, 0x03, 0x00, 0x2F, 0x54, 0x01, 0x11, 0xE4, 0xFF, 0xD9, 0xB8, 0xF3, 0xFF, 
0x73, 0x00, 0x26, 0xC4, 0xFF, 0xFF, 0xF4, 0x87, 0x04, 0x00, 0x00, 0x00, 0x18, 0x28, 0x09, 0x00, 
0x00, 0x00, 0x00, 0x00, 0x00, 0x38, 0x88, 0x39, 0x00, 0x00, 0x00, 0x00, 0x00, 0xA9, 0xF1, 0x13, 
0x00, 0x00, 0x00, 0x00, 0x08, 0xF3, 0x7F, 0x00, 0x00, 0x00, 0x00, 0x00, 0x10, 0x54, 0x0C, 0x00, 
0x00, 0x00, 0x09, 0x85, 0xD9, 0xED, 0xC1, 0x3F, 0x00, 0x04, 0xC1, 0xFF, 0xFB, 0xEA, 0xFF, 0xFB, 
0x3C, 0x5F, 0xFF, 0xE1, 0x1D, 0x00, 0x5F, 0xFF, 0xB7, 0xA1, 0xFF, 0xF4, 0xE8, 0xE8, 0xEA, 0xFF, 
0xE9, 0xA7, 0xFF, 0xCE, 0xAC, 0xAC, 0xAC, 0xAC, 0xA1, 0x75, 0xFF, 0xB9, 0x03, 0x00, 0x2F, 0x54, 
0x01, 0x11, 0xE4, 0xFF, 0xD9, 0xB8, 0xF3, 0xFF, 0x73, 0x00, 0x26, 0xC4, 0xFF, 0xFF, 0xF4, 0x87, 
0x04, 0x00, 0x00, 0x00, 0x18, 0x28, 0x09, 0x00, 0x00, 0x00, 0x00, 0x00, 0x37, 0x83, 0x0E, 0x00, 
0x00, 0x00, 0x00, 0x03, 0xD3, 0xEB, 0x86, 0x00, 0x00, 0x00, 0x00, 0x64, 0xD6, 0x32, 0xF4, 0x1C, 
0x00, 0x00, 0x00, 0x51, 0x2F, 0x00, 0x51, 0x30, 0x00, 0x00, 0x09, 0x85, 0xD9, 0xED, 0xC1, 0x3F, 
0x00, 0x04, 0xC1, 0xFF, 0xFB, 0xEA, 0xFF, 0xFB, 0x3C, 0x5F, 0xFF, 0xE1, 0x1D, 0x00, 0x5F, 0xFF, 
0xB7, 0xA1, 0xFF, 0xF4, 0xE8, 0xE8, 0xEA, 0xFF, 0xE9, 0xA7, 0xFF, 0xCE, 0xAC, 0xAC, 0xAC, 0xAC, 
0xA1, 0x75, 0xFF, 0xB9, 0x03, 0x00, 0x2F, 0x54, 0x01, 0x11, 0xE4, 0xFF, 0xD9, 0xB8, 0xF3, 0xFF, 
0x73, 0x00, 0x26, 0xC4, 0xFF, 0xFF, 0xF4, 0x87, 0x04, 0x00, 0x00, 0x00, 0x18, 0x28, 0x09, 0x00, 
0x00, 0x00, 0x00, 0x4A, 0x4B, 0x01, 0x67, 0x2D, 0x00, 0x00, 0x00, 0xDD, 0xDD, 0x1A, 0xFF, 0xA1, 
0x00, 0x00, 0x00, 0x21, 0x21, 0x00, 0x31, 0x11, 0x00, 0x00, 0x09, 0x85, 0xD9, 0xED, 0xC1, 0x3F, 
0x00, 0x04, 0xC1, 0xFF, 0xFB, 0xEA, 0xFF, 0xFB, 0x3C, 0x5F, 0xFF, 0xE1, 0x1D, 0x00, 0x5F, 0xFF, 
0xB7, 0xA1, 0xFF, 0xF4, 0xE8, 0xE8, 0xEA, 0xFF, 0xE9, 0xA7, 0xFF, 0xCE, 0xAC, 0xAC, 0xAC, 0xAC, 
0xA1, 0x75, 0xFF, 0xB9, 0x03, 0x00, 0x2F, 0x54, 0x01, 0x11, 0xE4, 0xFF, 0xD9, 0xB8, 0xF3, 0xFF, 
0x73, 0x00, 0x26, 0xC4, 0xFF, 0xFF, 0xF4, 0x87, 0x04, 0x00, 0x00, 0x00, 0x18, 0x28, 0x09, 0x00, 
0x00, 0x52, 0xB4, 0x3E, 0x00, 0x12, 0xF1, 0x9F, 0x00, 0x00, 0x7F, 0xED, 0x04, 0x00, 0x07, 0x28, 
0x05, 0x00, 0x6A, 0xC8, 0x60, 0x00, 0x88, 0xFF, 0x7C, 0x00, 0x88, 0xFF, 0x7C, 0x00, 0x88, 0xFF, 
0x7C, 0x00, 0x88, 0xFF, 0x7C, 0x00, 0x88, 0xFF, 0x7C, 0x00, 0x88, 0xFF, 0x7C, 0x00, 0x88, 0xFF, 
0x7C, 0x00, 0x4C, 0xB4, 0x44, 0x00, 0xB4, 0xE6, 0x09, 0x0D, 0xF8, 0x6A, 0x00, 0x08, 0x28, 0x04, 
0x00, 0x5D, 0xC8, 0x73, 0x00, 0x78, 0xFF, 0x94, 0x00, 0x78, 0xFF, 0x94, 0x00, 0x78, 0xFF, 0x94, 
0x00, 0x78, 0xFF, 0x94, 0x00, 0x78, 0xFF, 0x94, 0x00, 0x78, 0xFF, 0x94, 0x00, 0x78, 0xFF, 0x94, 
0x00, 0x00, 0x11, 0xAD, 0x5D, 0x00, 0x00, 0x8D, 0xD3, 0xEE, 0x12, 0x22, 0xF4, 0x27, 0xB1, 0x8F, 
0x1B, 0x2F, 0x00, 0x14, 0x36, 0x00, 0x3B, 0xC8, 0x96, 0x00, 0x00, 0x4C, 0xFF, 0xC0, 0x00, 0x00, 
0x4C, 0xFF, 0xC0, 0x00, 0x00, 0x4C, 0xFF, 0xC0, 0x00, 0x00, 0x4C, 0xFF, 0xC0, 0x00, 0x00, 0x4C, 
0xFF, 0xC0, 0x00, 0x00, 0x4C, 0xFF, 0xC0, 0x00, 0x00, 0x4C, 0xFF, 0xC0, 0x00, 0x3E, 0x96, 0x09, 
0x64, 0x79, 0x81, 0xF9, 0x1E, 0xBD, 0xDB, 0x00, 0x0D, 0x00, 0x05, 0x08, 0x00, 0x47, 0xC8, 0x89, 
0x00, 0x00, 0x5C, 0xFF, 0xB0, 0x00, 0x00, 0x5C, 0xFF, 0xB0, 0x00, 0x00, 0x5C, 0xFF, 0xB0, 0x00, 
0x00, 0x5C, 0xFF, 0xB0, 0x00, 0x00, 0x5C, 0xFF, 0xB0, 0x00, 0x00, 0x5C, 0xFF, 0xB0, 0x00, 0x00, 
0x5C, 0xFF, 0xB0, 0x00, 0x00, 0x00, 0x00, 0x01, 0x00, 0x00, 0x0C, 0x02, 0x00, 0x00, 0x53, 0xF3, 
0xCD, 0x5F, 0xD5, 0x09, 0x00, 0x00, 0xD5, 0x61, 0x9C, 0xF3, 0x83, 0x00, 0x00, 0x01, 0x2C, 0x00, 
0x00, 0x00, 0x00, 0x00, 0x5D, 0xC8, 0x74, 0x6E, 0xDC, 0xDF, 0x7B, 0x01, 0x78, 0xFF, 0xF3, 0xFF, 
0xF6, 0xFF, 0xFF, 0x68, 0x78, 0xFF, 0xDD, 0x24, 0x01, 0x97, 0xFF, 0xB8, 0x78, 0xFF, 0x94, 0x00, 
0x00, 0x48, 0xFF, 0xCC, 0x78, 0xFF, 0x94, 0x00, 0x00, 0x40, 0xFF, 0xCC, 0x78, 0xFF, 0x94, 0x00, 
0x00, 0x40, 0xFF, 0xCC, 0x78, 0xFF, 0x94, 0x00, 0x00, 0x40, 0xFF, 0xCC, 0x78, 0xFF, 0x94, 0x00, 
0x00, 0x40, 0xFF, 0xCC, 0x00, 0x00, 0x61, 0xB4, 0x2D, 0x00, 0x00, 0x00, 0x00, 0x00, 0x00, 0x20, 
0xFA, 0x87, 0x00, 0x00, 0x00, 0x00, 0x00, 0x00, 0x00, 0x97, 0xD9, 0x00, 0x00, 0x00, 0x00, 0x00, 
0x00, 0x00, 0x0B, 0x28, 0x01, 0x00, 0x00, 0x00, 0x00, 0x0A, 0x87, 0xDA, 0xEC, 0xC5, 0x4E, 0x00, 
0x00, 0x05, 0xC4, 0xFF, 0xFD, 0xEE, 0xFF, 0xFF, 0x66, 0x00, 0x60, 0xFF, 0xD9, 0x1D, 0x00, 0x59, 
0xFF, 0xF2, 0x0C, 0xA1, 0xFF, 0x66, 0x00, 0x00, 0x00, 0xC8, 0xFF, 0x40, 0xA7, 0xFF, 0x5B, 0x00, 
0x00, 0x00, 0xBC, 0xFF, 0x46, 0x75, 0xFF, 0xBD, 0x05, 0x00, 0x2D, 0xF8, 0xFC, 0x17, 0x11, 0xE4, 
0xFF, 0xDC, 0xB6, 0xF4, 0xFF, 0x93, 0x00, 0x00, 0x26, 0xC4, 0xFF, 0xFF, 0xF7, 0x8B, 0x04, 0x00, 
0x00, 0x00, 0x00, 0x18, 0x29, 0x0A, 0x00, 0x00, 0x00, 0x00, 0x00, 0x00, 0x00, 0x25, 0xB4, 0x6B, 
0x00, 0x00, 0x00, 0x00, 0x00, 0x00, 0x7D, 0xFD, 0x2A, 0x00, 0x00, 0x00, 0x00, 0x00, 0x00, 0xD1, 
0xA2, 0x00, 0x00, 0x00, 0x00, 0x00, 0x00, 0x00, 0x27, 0x0D, 0x00, 0x00, 0x00, 0x00, 0x0A, 0x87, 
0xDA, 0xEC, 0xC5, 0x4E, 0x00, 0x00, 0x05, 0xC4, 0xFF, 0xFD, 0xEE, 0xFF, 0xFF, 0x66, 0x00, 0x60, 
0xFF, 0xD9, 0x1D, 0x00, 0x59, 0xFF, 0xF2, 0x0C, 0xA1, 0xFF, 0x66, 0x00, 0x00, 0x00, 0xC8, 0xFF, 
0x40, 0xA7, 0xFF, 0x5B, 0x00, 0x00, 0x00, 0xBC, 0xFF, 0x46, 0x75, 0xFF, 0xBD, 0x05, 0x00, 0x2D, 
0xF8, 0xFC, 0x17, 0x11, 0xE4, 0xFF, 0xDC, 0xB6, 0xF4, 0xFF, 0x93, 0x00, 0x00, 0x26, 0xC4, 0xFF, 
0xFF, 0xF7, 0x8B, 0x04, 0x00, 0x00, 0x00, 0x00, 0x18, 0x29, 0x0A, 0x00, 0x00, 0x00, 0x00, 0x00, 
0x00, 0x58, 0xAE, 0x15, 0x00, 0x00, 0x00, 0x00, 0x00, 0x0D, 0xE9, 0xD3, 0x94, 0x00, 0x00, 0x00, 
0x00, 0x00, 0x84, 0xBA, 0x20, 0xF3, 0x27, 0x00, 0x00, 0x00, 0x00, 0x33, 0x17, 0x00, 0x2D, 0x1C, 
0x00, 0x00, 0x00, 0x0A, 0x87, 0xDA, 0xEC, 0xC5, 0x4E, 0x00, 0x00, 0x05, 0xC4, 0xFF, 0xFD, 0xEE, 
0xFF, 0xFF, 0x66, 0x00, 0x60, 0xFF, 0xD9, 0x1D, 0x00, 0x59, 0xFF, 0xF2, 0x0C, 0xA1, 0xFF, 0x66, 
0x00, 0x00, 0x00, 0xC8, 0xFF, 0x40, 0xA7, 0xFF, 0x5B, 0x00, 0x00, 0x00, 0xBC, 0xFF, 0x46, 0x75, 
0xFF, 0xBD, 0x05, 0x00, 0x2D, 0xF8, 0xFC, 0x17, 0x11, 0xE4, 0xFF, 0xDC, 0xB6, 0xF4, 0xFF, 0x93, 
0x00, 0x00, 0x26, 0xC4, 0xFF, 0xFF, 0xF7, 0x8B, 0x04, 0x00, 0x00, 0x00, 0x00, 0x18, 0x29, 0x0A, 
0x00, 0x00, 0x00, 0x00, 0x00, 0x00, 0x01, 0x00, 0x00, 0x0E, 0x00, 0x00, 0x00, 0x00, 0x83, 0xF8, 
0xB2, 0x5F, 0xC6, 0x00, 0x00, 0x00, 0x20, 0xCE, 0x5B, 0xBB, 0xEF, 0x50, 0x00, 0x00, 0x00, 0x0E, 
0x1E, 0x00, 0x00, 0x00, 0x00, 0x00, 0x00, 0x00, 0x0A, 0x87, 0xDA, 0xEC, 0xC5, 0x4E, 0x00, 0x00, 
0x05, 0xC4, 0xFF, 0xFD, 0xEE, 0xFF, 0xFF, 0x66, 0x00, 0x60, 0xFF, 0xD9, 0x1D, 0x00, 0x59, 0xFF, 
0xF2, 0x0C, 0xA1, 0xFF, 0x66, 0x00, 0x00, 0x00, 0xC8, 0xFF, 0x40, 0xA7, 0xFF, 0x5B, 0x00, 0x00, 
0x00, 0xBC, 0xFF, 0x46, 0x75, 0xFF, 0xBD, 0x05, 0x00, 0x2D, 0xF8, 0xFC, 0x17, 0x11, 0xE4, 0xFF, 
0xDC, 0xB6, 0xF4, 0xFF, 0x93, 0x00, 0x00, 0x26, 0xC4, 0xFF, 0xFF, 0xF7, 0x8B, 0x04, 0x00, 0x00, 
0x00, 0x00, 0x18, 0x29, 0x0A, 0x00, 0x00, 0x00, 0x00, 0x00, 0x7B, 0x63, 0x08, 0x98, 0x3D, 0x00, 
0x00, 0x00, 0x00, 0xDD, 0xBB, 0x1D, 0xFB, 0x7F, 0x00, 0x00, 0x00, 0x00, 0x09, 0x04, 0x00, 0x0D, 
0x00, 0x00, 0x00, 0x00, 0x0A, 0x87, 0xDA, 0xEC, 0xC5, 0x4E, 0x00, 0x00, 0x05, 0xC4, 0xFF, 0xFD, 
0xEE, 0xFF, 0xFF, 0x66, 0x00, 0x60, 0xFF, 0xD9, 0x1D, 0x00, 0x59, 0xFF, 0xF2, 0x0C, 0xA1, 0xFF, 
0x66, 0x00, 0x00, 0x00, 0xC8, 0xFF, 0x40, 0xA7, 0xFF, 0x5B, 0x00, 0x00, 0x00, 0xBC, 0xFF, 0x46, 
0x75, 0xFF, 0xBD, 0x05, 0x00, 0x2D, 0xF8, 0xFC, 0x17, 0x11, 0xE4, 0xFF, 0xDC, 0xB6, 0xF4, 0xFF, 
0x93, 0x00, 0x00, 0x26, 0xC4, 0xFF, 0xFF, 0xF7, 0x8B, 0x04, 0x00, 0x00, 0x00, 0x00, 0x18, 0x29, 
0x0A, 0x00, 0x00, 0x00, 0x00, 0x00, 0x00, 0x2C, 0x40, 0x00, 0x00, 0x00, 0x00, 0x00, 0x05, 0xF5, 
0xFF, 0x39, 0x00, 0x00, 0x00, 0x00, 0x00, 0xC1, 0xE1, 0x1C, 0x00, 0x00, 0x27, 0x54, 0x54, 0x54, 
0x54, 0x54, 0x54, 0x3B, 0x78, 0xFF, 0xFF, 0xFF, 0xFF, 0xFF, 0xFF, 0xB4, 0x52, 0xB0, 0xB0, 0xB0, 
0xB0, 0xB0, 0xB0, 0x7B, 0x00, 0x00, 0x00, 0x66, 0x84, 0x06, 0x00, 0x00, 0x00, 0x00, 0x05, 0xFF, 
0xFF, 0x44, 0x00, 0x00, 0x00, 0x00, 0x00, 0x7D, 0x9D, 0x0B, 0x00, 0x00, 0x00, 0x00, 0x00, 0x00, 
0x00, 0x00, 0x09, 0x0C, 0x04, 0x00, 0x00, 0x00, 0x00, 0x00, 0x17, 0xF4, 0xF8, 0x1D, 0x00, 0x01, 
0x6A, 0xD0, 0xED, 0xE8, 0xFF, 0x8C, 0x00, 0x00, 0x92, 0xFF, 0xFF, 0xF3, 0xFF, 0xFF, 0xA0, 0x00, 
0x29, 0xFE, 0xF3, 0x36, 0xAE, 0xFF, 0xFE, 0xFF, 0x37, 0x69, 0xFF, 0x97, 0x37, 0xFF, 0xE3, 0x9A, 
0xFF, 0x78, 0x6F, 0xFF, 0x8A, 0xC0, 0xFF, 0x61, 0x88, 0xFF, 0x7E, 0x3D, 0xFF, 0xF1, 0xFF, 0xD2, 
0x14, 0xDF, 0xFF, 0x4C, 0x00, 0xBB, 0xFF, 0xFF, 0xD6, 0xE8, 0xFF, 0xC8, 0x02, 0x00, 0x64, 0xFF, 
0xFF, 0xFF, 0xFD, 0xAD, 0x13, 0x00, 0x08, 0xE1, 0xFF, 0x44, 0x29, 0x11, 0x00, 0x00, 0x00, 0x11, 
0x44, 0x3B, 0x00, 0x00, 0x00, 0x00, 0x00, 0x00, 0x00, 0x00, 0x4C, 0xB4, 0x44, 0x00, 0x00, 0x00, 
0x00, 0x00, 0x0E, 0xEC, 0xA7, 0x00, 0x00, 0x00, 0x00, 0x00, 0x00, 0x74, 0xF2, 0x07, 0x00, 0x00, 
0x00, 0x00, 0x00, 0x06, 0x28, 0x06, 0x00, 0x00, 0x5D, 0xC8, 0x73, 0x00, 0x00, 0x32, 0xC8, 0x9F, 
0x78, 0xFF, 0x94, 0x00, 0x00, 0x40, 0xFF, 0xCC, 0x78, 0xFF, 0x94, 0x00, 0x00, 0x40, 0xFF, 0xCC, 
0x78, 0xFF, 0x94, 0x00, 0x00, 0x40, 0xFF, 0xCC, 0x78, 0xFF, 0x97, 0x00, 0x00, 0x40, 0xFF, 0xCC, 
0x6E, 0xFF, 0xC7, 0x01, 0x00, 0x76, 0xFF, 0xCC, 0x35, 0xFF, 0xFF, 0xD0, 0xCC, 0xFF, 0xFF, 0xCC, 
0x00, 0x77, 0xFB, 0xFF, 0xDE, 0x7D, 0xFF, 0xCC, 0x00, 0x00, 0x0E, 0x25, 0x01, 0x00, 0x00, 0x00, 
0x00, 0x00, 0x00, 0x00, 0x7C, 0xB3, 0x17, 0x00, 0x00, 0x00, 0x00, 0x05, 0xF0, 0xAE, 0x00, 0x00, 
0x00, 0x00, 0x00, 0x47, 0xFD, 0x2A, 0x00, 0x00, 0x00, 0x00, 0x00, 0x12, 0x22, 0x00, 0x00, 0x00, 
0x5D, 0xC8, 0x73, 0x00, 0x00, 0x32, 0xC8, 0x9F, 0x78, 0xFF, 0x94, 0x00, 0x00, 0x40, 0xFF, 0xCC, 
0x78, 0xFF, 0x94, 0x00, 0x00, 0x40, 0xFF, 0xCC, 0x78, 0xFF, 0x94, 0x00, 0x00, 0x40, 0xFF, 0xCC, 
0x78, 0xFF, 0x97, 0x00, 0x00, 0x40, 0xFF, 0xCC, 0x6E, 0xFF, 0xC7, 0x01, 0x00, 0x76, 0xFF, 0xCC, 
0x35, 0xFF, 0xFF, 0xD0, 0xCC, 0xFF, 0xFF, 0xCC, 0x00, 0x77, 0xFB, 0xFF, 0xDE, 0x7D, 0xFF, 0xCC, 
0x00, 0x00, 0x0E, 0x25, 0x01, 0x00, 0x00, 0x00, 0x00, 0x00, 0x00, 0x7E, 0x9F, 0x02, 0x00, 0x00, 
0x00, 0x00, 0x2F, 0xF4, 0xDD, 0x62, 0x00, 0x00, 0x00, 0x00, 0xBA, 0x84, 0x4F, 0xE5, 0x0A, 0x00, 
0x00, 0x03, 0x3C, 0x0A, 0x00, 0x39, 0x10, 0x00, 0x5D, 0xC8, 0x73, 0x00, 0x00, 0x32, 0xC8, 0x9F, 
0x78, 0xFF, 0x94, 0x00, 0x00, 0x40, 0xFF, 0xCC, 0x78, 0xFF, 0x94, 0x00, 0x00, 0x40, 0xFF, 0xCC, 
0x78, 0xFF, 0x94, 0x00, 0x00, 0x40, 0xFF, 0xCC, 0x78, 0xFF, 0x97, 0x00, 0x00, 0x40, 0xFF, 0xCC, 
0x6E, 0xFF, 0xC7, 0x01, 0x00, 0x76, 0xFF, 0xCC, 0x35, 0xFF, 0xFF, 0xD0, 0xCC, 0xFF, 0xFF, 0xCC, 
0x00, 0x77, 0xFB, 0xFF, 0xDE, 0x7D, 0xFF, 0xCC, 0x00, 0x00, 0x0E, 0x25, 0x01, 0x00, 0x00, 0x00, 
0x00, 0x00, 0x85, 0x59, 0x11, 0x9A, 0x32, 0x00, 0x00, 0x02, 0xEA, 0xAB, 0x2F, 0xFD, 0x6B, 0x00, 
0x00, 0x00, 0x0A, 0x02, 0x00, 0x0D, 0x00, 0x00, 0x5D, 0xC8, 0x73, 0x00, 0x00, 0x32, 0xC8, 0x9F, 
0x78, 0xFF, 0x94, 0x00, 0x00, 0x40, 0xFF, 0xCC, 0x78, 0xFF, 0x94, 0x00, 0x00, 0x40, 0xFF, 0xCC, 
0x78, 0xFF, 0x94, 0x00, 0x00, 0x40, 0xFF, 0xCC, 0x78, 0xFF, 0x97, 0x00, 0x00, 0x40, 0xFF, 0xCC, 
0x6E, 0xFF, 0xC7, 0x01, 0x00, 0x76, 0xFF, 0xCC, 0x35, 0xFF, 0xFF, 0xD0, 0xCC, 0xFF, 0xFF, 0xCC, 
0x00, 0x77, 0xFB, 0xFF, 0xDE, 0x7D, 0xFF, 0xCC, 0x00, 0x00, 0x0E, 0x25, 0x01, 0x00, 0x00, 0x00, 
0x00, 0x00, 0x00, 0x00, 0x77, 0xB3, 0x1A, 0x00, 0x00, 0x00, 0x00, 0x03, 0xEB, 0xB3, 0x00, 0x00, 
0x00, 0x00, 0x00, 0x42, 0xFE, 0x30, 0x00, 0x00, 0x00, 0x00, 0x00, 0x11, 0x23, 0x00, 0x00, 0x00, 
0x5D, 0xC8, 0x73, 0x00, 0x00, 0x22, 0xC8, 0x9F, 0x78, 0xFF, 0x94, 0x00, 0x00, 0x2C, 0xFF, 0xCC, 
0x78, 0xFF, 0x94, 0x00, 0x00, 0x2C, 0xFF, 0xCC, 0x78, 0xFF, 0x94, 0x00, 0x00, 0x2C, 0xFF, 0xCC, 
0x77, 0xFF, 0xA6, 0x00, 0x00, 0x3B, 0xFF, 0xCC, 0x57, 0xFF, 0xF3, 0x59, 0x55, 0xD5, 0xFF, 0xCC, 
0x0A, 0xD9, 0xFF, 0xFF, 0xFF, 0xC4, 0xFF, 0xCC, 0x00, 0x11, 0x7D, 0x98, 0x51, 0x38, 0xFF, 0xC4, 
0x00, 0x00, 0x00, 0x00, 0x00, 0x82, 0xFF, 0x98, 0x00, 0x9C, 0xC4, 0xA1, 0xBA, 0xFF, 0xF9, 0x2C, 
0x00, 0xA8, 0xFF, 0xFF, 0xFF, 0xE9, 0x4F, 0x00, 0x00, 0x00, 0x14, 0x2E, 0x2D, 0x04, 0x00, 0x00, 
0x00, 0x00, 0x86, 0x5E, 0x0B, 0x99, 0x39, 0x00, 0x00, 0x03, 0xEC, 0xB3, 0x24, 0xFC, 0x77, 0x00, 
0x00, 0x00, 0x0A, 0x03, 0x00, 0x0D, 0x00, 0x00, 0x5D, 0xC8, 0x73, 0x00, 0x00, 0x22, 0xC8, 0x9F, 
0x78, 0xFF, 0x94, 0x00, 0x00, 0x2C, 0xFF, 0xCC, 0x78, 0xFF, 0x94, 0x00, 0x00, 0x2C, 0xFF, 0xCC, 
0x78, 0xFF, 0x94, 0x00, 0x00, 0x2C, 0xFF, 0xCC, 0x77, 0xFF, 0xA6, 0x00, 0x00, 0x3B, 0xFF, 0xCC, 
0x57, 0xFF, 0xF3, 0x59, 0x55, 0xD5, 0xFF, 0xCC, 0x0A, 0xD9, 0xFF, 0xFF, 0xFF, 0xC4, 0xFF, 0xCC, 
0x00, 0x11, 0x7D, 0x98, 0x51, 0x38, 0xFF, 0xC4, 0x00, 0x00, 0x00, 0x00, 0x00, 0x82, 0xFF, 0x98, 
0x00, 0x9C, 0xC4, 0xA1, 0xBA, 0xFF, 0xF9, 0x2C, 0x00, 0xA8, 0xFF, 0xFF, 0xFF, 0xE9, 0x4F, 0x00, 
0x00, 0x00, 0x14, 0x2E, 0x2D, 0x04, 0x00, 0x00, 0x00, 0x00, 0x00, 0x00, 0x00, 0x04, 0x00, 0x00, 
0x00, 0x00, 0x00, 0x00, 0x00, 0x00, 0x00, 0x00, 0x36, 0xB5, 0xF6, 0xFE, 0xE7, 0xE0, 0xE0, 0xE0, 
0xE0, 0xE0, 0xE0, 0x70, 0x00, 0x54, 0xFA, 0xFF, 0xFF, 0xFF, 0xFF, 0xFF, 0xFF, 0xFF, 0xFF, 0xFF, 
0xFF, 0x80, 0x18, 0xF4, 0xFF, 0xCB, 0x4A, 0x28, 0x89, 0xFF, 0xD9, 0x0C, 0x0C, 0x0C, 0x0C, 0x06, 
0x75, 0xFF, 0xE1, 0x0C, 0x00, 0x00, 0x58, 0xFF, 0xD8, 0x00, 0x00, 0x00, 0x00, 0x00, 0xA3, 0xFF, 
0x91, 0x00, 0x00, 0x00, 0x58, 0xFF, 0xFC, 0xE8, 0xE8, 0xE8, 0xE8, 0x0A, 0xA7, 0xFF, 0x8B, 0x00, 
0x00, 0x00, 0x58, 0xFF, 0xFF, 0xFF, 0xFF, 0xFF, 0xFF, 0x0C, 0x7F, 0xFF, 0xD4, 0x04, 0x00, 0x00, 
0x58, 0xFF, 0xD9, 0x08, 0x08, 0x08, 0x08, 0x00, 0x24, 0xFB, 0xFF, 0xAE, 0x26, 0x05, 0x75, 0xFF, 
0xD8, 0x00, 0x00, 0x00, 0x00, 0x00, 0x00, 0x71, 0xFF, 0xFF, 0xFF, 0xFF, 0xFF, 0xFF, 0xFC, 0xEC, 
0xEC, 0xEC, 0xEC, 0x76, 0x00, 0x00, 0x55, 0xD9, 0xFF, 0xFF, 0xFF, 0xFF, 0xFF, 0xFF, 0xFF, 0xFF, 
0xFF, 0x80, 0x00, 0x00, 0x00, 0x00, 0x1B, 0x27, 0x09, 0x00, 0x00, 0x00, 0x00, 0x00, 0x00, 0x00, 
0x00, 0x0A, 0x87, 0xDA, 0xEC, 0xC5, 0x53, 0x08, 0x82, 0xD9, 0xED, 0xC3, 0x42, 0x00, 0x05, 0xC4, 
0xFF, 0xFD, 0xEE, 0xFF, 0xFF, 0xDC, 0xFF, 0xFC, 0xEA, 0xFF, 0xFC, 0x3F, 0x60, 0xFF, 0xD9, 0x1D, 
0x00, 0x59, 0xFF, 0xFF, 0xDB, 0x1F, 0x00, 0x59, 0xFF, 0xBB, 0xA1, 0xFF, 0x66, 0x00, 0x00, 0x00, 
0xC8, 0xFF, 0xF5, 0xE8, 0xE8, 0xEA, 0xFF, 0xED, 0xA7, 0xFF, 0x5B, 0x00, 0x00, 0x00, 0xBC, 0xFF, 
0xD0, 0xAC, 0xAC, 0xAC, 0xAC, 0xA4, 0x75, 0xFF, 0xBD, 0x05, 0x00, 0x2D, 0xF8, 0xFF, 0xC1, 0x04, 
0x00, 0x29, 0x59, 0x02, 0x11, 0xE4, 0xFF, 0xDC, 0xB6, 0xF4, 0xFF, 0xFA, 0xFF, 0xDD, 0xB7, 0xF2, 
0xFF, 0x7B, 0x00, 0x26, 0xC4, 0xFF, 0xFF, 0xF7, 0x8C, 0x22, 0xBC, 0xFF, 0xFF, 0xF5, 0x8A, 0x05, 
0x00, 0x00, 0x00, 0x18, 0x29, 0x0A, 0x00, 0x00, 0x00, 0x16, 0x28, 0x09, 0x00, 0x00, 0x00, 0x00, 
0x54, 0x39, 0x00, 0x56, 0x36, 0x00, 0x00, 0x00, 0x00, 0x5A, 0xDF, 0x33, 0xF4, 0x1E, 0x00, 0x00, 
0x00, 0x00, 0x01, 0xC9, 0xEE, 0x86, 0x00, 0x00, 0x00, 0x00, 0x00, 0x00, 0x2D, 0x7C, 0x0D, 0x00, 
0x00, 0x00, 0x00, 0x22, 0xA4, 0xED, 0xFF, 0xE7, 0xA0, 0x2A, 0x00, 0x13, 0xE9, 0xFF, 0xF7, 0xE9, 
0xFF, 0xFF, 0xE1, 0x03, 0x5F, 0xFF, 0xEC, 0x13, 0x00, 0x1F, 0x86, 0x53, 0x00, 0x59, 0xFF, 0xF4, 
0x65, 0x0F, 0x00, 0x00, 0x00, 0x00, 0x06, 0xBE, 0xFF, 0xFF, 0xFA, 0xBA, 0x53, 0x01, 0x00, 0x00, 
0x01, 0x4C, 0x9E, 0xE9, 0xFF, 0xFF, 0xA6, 0x00, 0x00, 0x00, 0x00, 0x00, 0x03, 0x68, 0xFF, 0xFF, 
0x2A, 0x00, 0x70, 0x1F, 0x00, 0x00, 0x1B, 0xFF, 0xFF, 0x38, 0x5B, 0xFF, 0xFE, 0xD3, 0xBA, 0xEA, 
0xFF, 0xE6, 0x07, 0x2C, 0xA5, 0xF1, 0xFF, 0xFF, 0xFF, 0xBC, 0x2D, 0x00, 0x00, 0x00, 0x03, 0x1E, 
0x27, 0x0B, 0x00, 0x00, 0x00, 0x00, 0x5A, 0x81, 0x00, 0x75, 0x65, 0x00, 0x00, 0x18, 0xF3, 0x5A, 
0xF4, 0x22, 0x00, 0x00, 0x00, 0x80, 0xFE, 0x8F, 0x00, 0x00, 0x00, 0x00, 0x09, 0x3C, 0x0D, 0x00, 
0x00, 0x00, 0x4D, 0xC6, 0xEB, 0xD7, 0x86, 0x0C, 0x22, 0xFA, 0xFD, 0xD8, 0xF7, 0xFF, 0x56, 0x50, 
0xFF, 0xBA, 0x0F, 0x07, 0x4F, 0x00, 0x17, 0xE9, 0xFF, 0xFA, 0xB6, 0x4F, 0x00, 0x00, 0x16, 0x77, 
0xCA, 0xFF, 0xFF, 0x65, 0x00, 0x1F, 0x00, 0x00, 0x54, 0xFF, 0xB8, 0x49, 0xFB, 0xC1, 0x95, 0xC3, 
0xFF, 0x96, 0x2E, 0xB9, 0xFD, 0xFF, 0xFF, 0xC4, 0x17, 0x00, 0x00, 0x0E, 0x28, 0x14, 0x00, 0x00, 
0x00, 0x00, 0x00, 0x0D, 0x02, 0x00, 0x10, 0x00, 0x00, 0x00, 0x00, 0x00, 0x00, 0x0D, 0xF4, 0xA5, 
0x37, 0xFE, 0x65, 0x00, 0x00, 0x00, 0x00, 0x00, 0x02, 0x8E, 0x54, 0x15, 0x9B, 0x2E, 0x00, 0x00, 
0x00, 0x8E, 0xE0, 0xAE, 0x00, 0x00, 0x00, 0x00, 0x54, 0xE0, 0xD5, 0x13, 0x1F, 0xF6, 0xFF, 0x4E, 
0x00, 0x00, 0x09, 0xE1, 0xFF, 0x7B, 0x00, 0x00, 0x7E, 0xFF, 0xDA, 0x05, 0x00, 0x7D, 0xFF, 0xDB, 
0x07, 0x00, 0x00, 0x08, 0xDF, 0xFF, 0x71, 0x1A, 0xF4, 0xFF, 0x4B, 0x00, 0x00, 0x00, 0x00, 0x51, 
0xFF, 0xEF, 0xB0, 0xFF, 0xB3, 0x00, 0x00, 0x00, 0x00, 0x00, 0x00, 0xBA, 0xFF, 0xFF, 0xF8, 0x23, 
0x00, 0x00, 0x00, 0x00, 0x00, 0x00, 0x28, 0xFB, 0xFF, 0x84, 0x00, 0x00, 0x00, 0x00, 0x00, 0x00, 
0x00, 0x00, 0xE4, 0xFF, 0x44, 0x00, 0x00, 0x00, 0x00, 0x00, 0x00, 0x00, 0x00, 0xE4, 0xFF, 0x44, 
0x00, 0x00, 0x00, 0x00, 0x00, 0x00, 0x00, 0x00, 0xE4, 0xFF, 0x44, 0x00, 0x00, 0x00, 0x00, 0x00, 
0x00, 0x13, 0x56, 0x02, 0x10, 0x57, 0x06, 0x00, 0x00, 0x00, 0x00, 0x03, 0xD5, 0x65, 0x90, 0xB2, 
0x00, 0x00, 0x00, 0x00, 0x00, 0x00, 0x4B, 0xEA, 0xF5, 0x28, 0x00, 0x00, 0x00, 0x00, 0x00, 0x00, 
0x00, 0x7B, 0x65, 0x00, 0x00, 0x00, 0x00, 0x2A, 0xE0, 0xE0, 0xE0, 0xE0, 0xE0, 0xE0, 0xE0, 0xE0, 
0x03, 0x30, 0xFF, 0xFF, 0xFF, 0xFF, 0xFF, 0xFF, 0xFF, 0xE7, 0x01, 0x02, 0x0C, 0x0C, 0x0C, 0x0C, 
0xA8, 0xFF, 0xFA, 0x3B, 0x00, 0x00, 0x00, 0x00, 0x00, 0x6A, 0xFF, 0xFF, 0x6C, 0x00, 0x00, 0x00, 
0x00, 0x00, 0x39, 0xF9, 0xFF, 0xA2, 0x00, 0x00, 0x00, 0x00, 0x00, 0x17, 0xE5, 0xFF, 0xCF, 0x09, 
0x00, 0x00, 0x00, 0x00, 0x04, 0xC2, 0xFF, 0xED, 0x21, 0x00, 0x00, 0x00, 0x00, 0x00, 0x92, 0xFF, 
0xFD, 0x47, 0x00, 0x00, 0x00, 0x00, 0x00, 0x4E, 0xFF, 0xFF, 0xFC, 0xEC, 0xEC, 0xEC, 0xEC, 0xEC, 
0x49, 0x78, 0xFF, 0xFF, 0xFF, 0xFF, 0xFF, 0xFF, 0xFF, 0xFF, 0x50, 0x00, 0x08, 0xA7, 0x2C, 0x19, 
0xAD, 0x14, 0x00, 0x00, 0x00, 0x87, 0xB8, 0x9B, 0xA2, 0x00, 0x00, 0x00, 0x00, 0x0E, 0xEA, 0xF5, 
0x1D, 0x00, 0x00, 0x00, 0x00, 0x00, 0x25, 0x2C, 0x00, 0x00, 0x00, 0x35, 0xC8, 0xC8, 0xC8, 0xC8, 
0xC8, 0xC8, 0x4B, 0x44, 0xFF, 0xFF, 0xFF, 0xFF, 0xFF, 0xFF, 0x46, 0x06, 0x18, 0x18, 0x22, 0xD8, 
0xFF, 0x83, 0x00, 0x00, 0x00, 0x02, 0xB0, 0xFF, 0xA4, 0x00, 0x00, 0x00, 0x00, 0x91, 0xFF, 0xBF, 
0x06, 0x00, 0x00, 0x00, 0x6D, 0xFF, 0xD6, 0x10, 0x00, 0x00, 0x00, 0x43, 0xFD, 0xFF, 0xED, 0xE0, 
0xE0, 0xE0, 0x85, 0x78, 0xFF, 0xFF, 0xFF, 0xFF, 0xFF, 0xFF, 0x98, 0x00, 0x30, 0x0E, 0x59, 0xFF, 
0xC3, 0x48, 0xFD, 0xD0, 0x02, 0x80, 0x89, 0x13, 0x79, 0x08, 0x00, 0x30, 0x0E, 0x59, 0xFF, 0xC3, 
0x48, 0xFD, 0xD0, 0x02, 0x80, 0x89, 0x13, 0x79, 0x08, 0x00, 0x30, 0x0E, 0x07, 0x34, 0x02, 0x59, 
0xFF, 0xC3, 0x9D, 0xFF, 0x7B, 0x48, 0xFD, 0xD0, 0x89, 0xFF, 0x8E, 0x02, 0x80, 0x89, 0x0D, 0xB9, 
0x40, 0x13, 0x79, 0x08, 0x37, 0x4E, 0x00, 0x00, 0x30, 0x0E, 0x07, 0x34, 0x02, 0x59, 0xFF, 0xC3, 
0x9D, 0xFF, 0x7B, 0x48, 0xFD, 0xD0, 0x89, 0xFF, 0x8E, 0x02, 0x80, 0x89, 0x0D, 0xB9, 0x40, 0x13, 
0x79, 0x08, 0x37, 0x4E, 0x00, 0x00, 0x00, 0x00, 0x00, 0x00, 0x00, 0x0C, 0x2B, 0x22, 0x04, 0x00, 
0x00, 0x00, 0x00, 0x00, 0x00, 0x00, 0x28, 0xB3, 0xFC, 0xFF, 0xFF, 0xED, 0x8D, 0x0E, 0x00, 0x00, 
0x00, 0x00, 0x3C, 0xF3, 0xFF, 0xFF, 0xFF, 0xFF, 0xFF, 0xFF, 0xD7, 0x15, 0x00, 0x00, 0x0B, 0xE6, 
0xFF, 0xF9, 0x87, 0x41, 0x48, 0xA6, 0xFF, 0xA1, 0x09, 0x00, 0x00, 0x64, 0xFF, 0xFF, 0x52, 0x00, 
0x00, 0x00, 0x00, 0x3D, 0x00, 0x00, 0x00, 0xC7, 0xFC, 0xFF, 0xFF, 0xF8, 0xF8, 0x49, 0x00, 0x00, 
0x00, 0x00, 0x00, 0x0A, 0x68, 0xD4, 0xFF, 0xCC, 0x68, 0x66, 0x02, 0x00, 0x00, 0x00, 0x00, 0x00, 
0x1E, 0xF9, 0xFE, 0xFF, 0xFE, 0xFC, 0x94, 0x00, 0x00, 0x00, 0x00, 0x00, 0x00, 0x29, 0x6C, 0x95, 
0xFF, 0xFF, 0xB1, 0x21, 0x00, 0x00, 0x00, 0x41, 0x00, 0x00, 0x00, 0x00, 0x04, 0xDE, 0xFF, 0xF8, 
0x88, 0x46, 0x4F, 0xAB, 0xFF, 0xA6, 0x0B, 0x00, 0x00, 0x00, 0x32, 0xEE, 0xFF, 0xFF, 0xFF, 0xFF, 
0xFF, 0xFF, 0xD3, 0x13, 0x00, 0x00, 0x00, 0x00, 0x27, 0xB1, 0xFB, 0xFF, 0xFF, 0xEB, 0x89, 0x0B, 
0x00, 0x00, 0x00, 0x00, 0x00, 0x00, 0x00, 0x0A, 0x29, 0x1F, 0x03, 0x00, 0x00, 0x00, 0x69, 0xE0, 
0xE0, 0xE0, 0x57, 0xDE, 0x2A, 0x00, 0x54, 0xE0, 0x07, 0x05, 0x35, 0xDD, 0x0C, 0x3A, 0xFC, 0xBF, 
0x0D, 0xE1, 0xFF, 0x08, 0x00, 0x2C, 0xDC, 0x00, 0x38, 0xCD, 0xC4, 0xCC, 0x94, 0xFC, 0x08, 0x00, 
0x2C, 0xDC, 0x00, 0x38, 0xCC, 0x2C, 0xE2, 0x0F, 0xFC, 0x08, 0x00, 0x21, 0xA8, 0x00, 0x2A, 0x9C, 
0x00, 0x1A, 0x00, 0xC0, 0x06, 0x00, 0x0A, 0x54, 0x61, 0x6E, 0x67, 0x6F, 0x20, 0x53, 0x61, 0x6E, 
0x73, 0x00, 0x09, 0x54, 0x61, 0x6E, 0x67, 0x6F, 0x53, 0x61, 0x6E, 0x73, 0x01};
